نام محصول,برند,کد محصول,قیمت نقد,گروه اصلی,دسته‌بندی,زیرمجموعه,توضیحات,عکس,تصاویر بیشتر,ویدیو,مدل سه‌بعدی
iPhone 17 Pro Max 512GB ZA/A Non Active Silver,اپل,1109410629,,کالای دیجیتال,موبایل,,,https://drive.google.com/file/d/10vw8R8QOfS2b9wkdEsLx_95wajyDL4Bg/view?usp=drivesdk,,,
iPhone 17 Pro Max 256GB ZA/A Non Active Silver,اپل,1102420474,,کالای دیجیتال,موبایل,,گوشی iPhone 17 Pro Max از برند اپل با حافظه داخلی 256 گیگابایت؛ مناسب ارتباط، استفاده روزمره و اجرای برنامه‌ها.,https://drive.google.com/file/d/10vw8R8QOfS2b9wkdEsLx_95wajyDL4Bg/view?usp=drivesdk,,,
iPhone 16 Pro Max 1TB ZA/A Non Active Desert Titanium,اپل,1108767131,,کالای دیجیتال,موبایل,,,https://drive.google.com/file/d/1EWxBXDQITsyRL96JLd5OxN_ZupZz7hJd/view?usp=drivesdk,,,
iPhone 16 128GB CH/A Non Active Teal,اپل,1108513754,,کالای دیجیتال,موبایل,,,,,,
iPhone 17 256GB CH/A Non Active Mist Blue,اپل,1103961018,,کالای دیجیتال,موبایل,,گوشی iPhone 17 از برند اپل با حافظه داخلی 256 گیگابایت؛ مناسب ارتباط، استفاده روزمره و اجرای برنامه‌ها.,https://drive.google.com/file/d/1YXtmEd38Reey86_e1i0HLxQwAC6osSoU/view?usp=drivesdk,,,
iPhone 17 256GB CH/A Non Active Lavender,اپل,1109795907,,کالای دیجیتال,موبایل,,گوشی iPhone 17 از برند اپل با حافظه داخلی 256 گیگابایت؛ مناسب ارتباط، استفاده روزمره و اجرای برنامه‌ها.,https://drive.google.com/file/d/1YXtmEd38Reey86_e1i0HLxQwAC6osSoU/view?usp=drivesdk,,,
iPhone 17 256GB CH/A Non Active Black,اپل,1107343129,,کالای دیجیتال,موبایل,,گوشی iPhone 17 از برند اپل با حافظه داخلی 256 گیگابایت؛ مناسب ارتباط، استفاده روزمره و اجرای برنامه‌ها.,https://drive.google.com/file/d/1YXtmEd38Reey86_e1i0HLxQwAC6osSoU/view?usp=drivesdk,,,
iPhone 17 Pro Max 256GB ZA/A Non Active Deep Blue,اپل,1107376682,,کالای دیجیتال,موبایل,,گوشی iPhone 17 Pro Max از برند اپل با حافظه داخلی 256 گیگابایت؛ مناسب ارتباط، استفاده روزمره و اجرای برنامه‌ها.,https://drive.google.com/file/d/10vw8R8QOfS2b9wkdEsLx_95wajyDL4Bg/view?usp=drivesdk,,,
iPhone 17 256GB CH/A Non Active White,اپل,1101106336,,کالای دیجیتال,موبایل,,گوشی iPhone 17 از برند اپل با حافظه داخلی 256 گیگابایت؛ مناسب ارتباط، استفاده روزمره و اجرای برنامه‌ها.,https://drive.google.com/file/d/1YXtmEd38Reey86_e1i0HLxQwAC6osSoU/view?usp=drivesdk,,,
iPhone 17 256GB CH/A Non Active Sage Green,اپل,1104186523,,کالای دیجیتال,موبایل,,,https://drive.google.com/file/d/1YXtmEd38Reey86_e1i0HLxQwAC6osSoU/view?usp=drivesdk,,,
iPhone 14 128GB Ch Non Active Blue,اپل,1104731760,,کالای دیجیتال,موبایل,,,,,,
iPhone 17 Pro Max 512GB ZA/A Non Active Deep Blue,اپل,1109650453,,کالای دیجیتال,موبایل,,,https://drive.google.com/file/d/10vw8R8QOfS2b9wkdEsLx_95wajyDL4Bg/view?usp=drivesdk,,,
iPhone 16e 128GB ZAA Non Active Black,اپل,1108083510,,کالای دیجیتال,موبایل,,,,,,
iPhone 15Pro Max 512GB ZAA Non Active Blue Titanium,اپل,1109487106,,کالای دیجیتال,موبایل,,,,,,
iPhone 17 Pro Max 512GB ZA/A Non Active Cosmic Orange,اپل,1109460131,,کالای دیجیتال,موبایل,,,https://drive.google.com/file/d/10vw8R8QOfS2b9wkdEsLx_95wajyDL4Bg/view?usp=drivesdk,,,
iPhone 17 Pro 256GB ZA/A Non Active Cosmic Orange,اپل,1105617587,,کالای دیجیتال,موبایل,,,,,,
iPhone 17 Pro Max 256GB ZA/A Non Active Cosmic Orange,اپل,1106819388,,کالای دیجیتال,موبایل,,,https://drive.google.com/file/d/10vw8R8QOfS2b9wkdEsLx_95wajyDL4Bg/view?usp=drivesdk,,,
iPhone 13 128GB CH non Active آبی,اپل,1001004778,,کالای دیجیتال,موبایل,,,,,,
iPhone 13 128GB CH non Active سبز,اپل,1001004780,,کالای دیجیتال,موبایل,,,,,,
iPhone 13 128GB CH non Active سفید,اپل,1001004782,,کالای دیجیتال,موبایل,,,,,,
iPhone 13 128GB CH non Active صورتی,اپل,1001004784,,کالای دیجیتال,موبایل,,,,,,
iPhone 16 256GB CH/A Non Active Black,اپل,1104349913,,کالای دیجیتال,موبایل,,,,,,
iPhone 16 256GB CH/A Non Active White,اپل,1109587805,,کالای دیجیتال,موبایل,,,,,,
iPhone 16 256GB CH/A Non Active Teal,اپل,1107699532,,کالای دیجیتال,موبایل,,,,,,
iPhone 14 128GB Ch Non Active Midnight,اپل,1107648299,,کالای دیجیتال,موبایل,,,,,,
iPhone 14 128GB Ch Non Active Starlight,اپل,1109287401,,کالای دیجیتال,موبایل,,,,,,
iPhone 13 128GB CH non Active مشکی,اپل,1001004781,,کالای دیجیتال,موبایل,,,,,,
iPhone 13 128GB HN/A non Active آبی,اپل,1001021394,,کالای دیجیتال,موبایل,,,,,,
iPhone 13 128GB HN/A non Active سبز,اپل,1001021393,,کالای دیجیتال,موبایل,,,,,,
iPhone 13 128GB HN/A non Active سفید,اپل,1001021391,,کالای دیجیتال,موبایل,,,,,,
iPhone 13 128GB HN/A non Active صورتی,اپل,1001021395,,کالای دیجیتال,موبایل,,,,,,
iPhone 13 128GB HN/A non Active مشکی,اپل,1001021392,,کالای دیجیتال,موبایل,,,,,,
iPhone 13 256GB CH non Active آبی,اپل,1001006153,,کالای دیجیتال,موبایل,,,,,,
iPhone 13 256GB CH non Active سبز,اپل,1001010412,,کالای دیجیتال,موبایل,,,,,,
iPhone 13 256GB CH non Active سفید,اپل,1001006156,,کالای دیجیتال,موبایل,,,,,,
iPhone 13 256GB CH non Active صورتی,اپل,1001006157,,کالای دیجیتال,موبایل,,,,,,
iPhone 13 256GB CH non Active مشکی,اپل,1001006158,,کالای دیجیتال,موبایل,,,,,,
iPhone 13 Pro Max 256GB ZA/A non Active آبی,اپل,1001001379,,کالای دیجیتال,موبایل,,,,,,
iPhone 13 Pro Max 256GB ZA/A non Active خاکستری,اپل,1001001377,,کالای دیجیتال,موبایل,,,,,,
iPhone 13 Pro Max 256GB ZA/A non Active سبز,اپل,1001005247,,کالای دیجیتال,موبایل,,,,,,
iPhone 13 Pro Max 256GB ZA/A non Active سفید,اپل,1001001378,,کالای دیجیتال,موبایل,,,,,,
iPhone 13 Pro Max 256GB ZA/A non Active صورتی,اپل,1001001380,,کالای دیجیتال,موبایل,,,,,,
iPhone 13 Pro Max 256GB ZA/A non Active طلایی,اپل,1001005248,,کالای دیجیتال,موبایل,,,,,,
iPhone 13 Pro Max 256GB ZA/A non Active قرمز,اپل,1001001381,,کالای دیجیتال,موبایل,,,,,,
iPhone 13 Pro Max 256GB ZA/A non Active نقره ای,اپل,1001005249,,کالای دیجیتال,موبایل,,,,,,
iPhone 16 128GB CH/A Non Active آبی,اپل,1101902167,,کالای دیجیتال,موبایل,,,,,,
iPhone 16 128GB CH/A Non Active سفید,اپل,1104767450,,کالای دیجیتال,موبایل,,,,,,
iPhone 16 128GB CH/A Non Active صورتی,اپل,1107951155,,کالای دیجیتال,موبایل,,,,,,
iPhone 16 128GB CH/A Non Active مشکی,اپل,1103162512,,کالای دیجیتال,موبایل,,,,,,
iPhone 16 256GB CH/A Non Active آبی,اپل,1101210104,,کالای دیجیتال,موبایل,,,,,,
iPhone 16 256GB CH/A Non Active صورتی,اپل,1102684171,,کالای دیجیتال,موبایل,,,,,,
iPhone 16 Pro 256GB ZA/A Non Active Black Titanium,اپل,1106756931,,کالای دیجیتال,موبایل,,,,,,
iPhone 16 Pro 256GB ZA/A Non Active Natural Titanium,اپل,1105904445,,کالای دیجیتال,موبایل,,,,,,
iPhone 16 Pro 256GB ZA/A Non Active White Titanium,اپل,1101567826,,کالای دیجیتال,موبایل,,,,,,
iPhone 16 Pro 256GB ZA/A Non Active Desert Titanium,اپل,1101372157,,کالای دیجیتال,موبایل,,,,,,
iPhone 16 Pro Max 1TB ZA/A Non Active Black Titanium,اپل,1101198832,,کالای دیجیتال,موبایل,,,https://drive.google.com/file/d/1EWxBXDQITsyRL96JLd5OxN_ZupZz7hJd/view?usp=drivesdk,,,
iPhone 16 Pro Max 256GB ZA/A Non Active Black Titanium,اپل,1105747685,,کالای دیجیتال,موبایل,,,https://drive.google.com/file/d/1EWxBXDQITsyRL96JLd5OxN_ZupZz7hJd/view?usp=drivesdk,,,
iPhone 16 Pro Max 256GB ZA/A Non Active Desert Titanium,اپل,1102034608,,کالای دیجیتال,موبایل,,,https://drive.google.com/file/d/1EWxBXDQITsyRL96JLd5OxN_ZupZz7hJd/view?usp=drivesdk,,,
iPhone 16 Pro Max 256GB ZA/A Non Active Natural Titanium,اپل,1106909378,,کالای دیجیتال,موبایل,,,https://drive.google.com/file/d/1EWxBXDQITsyRL96JLd5OxN_ZupZz7hJd/view?usp=drivesdk,,,
iPhone 16 Pro Max 256GB ZA/A Non Active White Titanium,اپل,1106425921,,کالای دیجیتال,موبایل,,,https://drive.google.com/file/d/1EWxBXDQITsyRL96JLd5OxN_ZupZz7hJd/view?usp=drivesdk,,,
iPhone 16 Pro Max 512GB ZA/A Non Active Black Titanium,اپل,1109388330,,کالای دیجیتال,موبایل,,,https://drive.google.com/file/d/1EWxBXDQITsyRL96JLd5OxN_ZupZz7hJd/view?usp=drivesdk,,,
iPhone 16 Pro Max 512GB ZA/A Non Active Desert Titanium,اپل,1106263320,,کالای دیجیتال,موبایل,,,https://drive.google.com/file/d/1EWxBXDQITsyRL96JLd5OxN_ZupZz7hJd/view?usp=drivesdk,,,
iPhone 16 Pro Max 512GB ZA/A Non Active Natural Titanium,اپل,1101786232,,کالای دیجیتال,موبایل,,,https://drive.google.com/file/d/1EWxBXDQITsyRL96JLd5OxN_ZupZz7hJd/view?usp=drivesdk,,,
iPhone 16 Pro Max 512GB ZA/A Non Active White Titanium,اپل,1103047943,,کالای دیجیتال,موبایل,,,https://drive.google.com/file/d/1EWxBXDQITsyRL96JLd5OxN_ZupZz7hJd/view?usp=drivesdk,,,
ساعت هوشمند اپل مدل Apple Watch Series 9 Aluminum case 45mm مشکی (Midnight),اپل,1001011708,,کالای دیجیتال,اکسسوری,ساعت و مچ‌بند هوشمند,,,,,
ساعت هوشمند اپل مدل Apple Watch Series Se 2023 Aluminum case 40mm مشکی (Midnight),اپل,1001011816,,کالای دیجیتال,اکسسوری,ساعت و مچ‌بند هوشمند,,,,,
ساعت هوشمند اپل مدل Apple Watch Series Se 2024 Aluminium Case 40mm مشکی (Midnight),اپل,1001021157,,کالای دیجیتال,اکسسوری,ساعت و مچ‌بند هوشمند,,https://drive.google.com/file/d/1z7_Gzw1HMUZmTlMFxOgJpCBwWH2_KG7c/view?usp=drivesdk,,,
هدفون بلوتوثی اپل مدل AirPods Pro 2nd Generation New (USB‑C) سفید,اپل,1001012566,,کالای دیجیتال,اکسسوری,هدفون و هندزفری,,https://drive.google.com/file/d/1Phw-Sy8OFy_Qqu1HZjSG8ZeZqPJiccFM/view?usp=drivesdk,,,
هدفون بلوتوثی اپل مدل AirPods Pro 2nd Generation New (USB‑C) سفید,اپل,1001012092,,کالای دیجیتال,اکسسوری,هدفون و هندزفری,,https://drive.google.com/file/d/1Phw-Sy8OFy_Qqu1HZjSG8ZeZqPJiccFM/view?usp=drivesdk,,,
هدفون بی سیم اپل مدل AirPods 4 سفید,اپل,1001020005,,کالای دیجیتال,اکسسوری,هدفون و هندزفری,,https://drive.google.com/file/d/1YJGI_PaW-9OxiD2_V3fJfN0T4O38pW-a/view?usp=drivesdk,,,
ساعت هوشمند اپل سری 10 مدل Apple Watch Series 10 Aluminum Case 46mm بدنه مشکی بند سیلیکونی مشکی,اپل,1102722242,,کالای دیجیتال,اکسسوری,ساعت و مچ‌بند هوشمند,,,,,
ساعت هوشمند اپل مدل Apple Watch Series Se 2024 Aluminium Case 44mm بدنه مشکی بند سیلیکونی مشکی,اپل,1001021166,,کالای دیجیتال,اکسسوری,ساعت و مچ‌بند هوشمند,,https://drive.google.com/file/d/1z7_Gzw1HMUZmTlMFxOgJpCBwWH2_KG7c/view?usp=drivesdk,,,
هدفون بلوتوثی اپل مدل AirPods Pro 2nd Generation New (USB‑C) سفید,اپل,1001011734,,کالای دیجیتال,اکسسوری,هدفون و هندزفری,,https://drive.google.com/file/d/1Phw-Sy8OFy_Qqu1HZjSG8ZeZqPJiccFM/view?usp=drivesdk,,,
هدفون بی سیم اپل مدل (AirPods 4 (ANC سفید,اپل,1001020003,,کالای دیجیتال,اکسسوری,هدفون و هندزفری,,https://drive.google.com/file/d/1YJGI_PaW-9OxiD2_V3fJfN0T4O38pW-a/view?usp=drivesdk,,,
ساعت هوشمند اپل مدل Apple Watch Series 8 Aluminum case 45 mm مشکی,اپل,1001007259,,کالای دیجیتال,اکسسوری,ساعت و مچ‌بند هوشمند,,,,,
Galaxy S25 FE 256GB RAM 8GB Vietnam مشکی,سامسونگ,1107825176,,کالای دیجیتال,موبایل,,,https://drive.google.com/file/d/118KcHD1WtzjW6wQqFE8QLvGc5dTu-Pxo/view?usp=drivesdk,,,
Galaxy S25 FE 256GB RAM 8GB Vietnam سرمه ای,سامسونگ,1106138801,,کالای دیجیتال,موبایل,,,https://drive.google.com/file/d/118KcHD1WtzjW6wQqFE8QLvGc5dTu-Pxo/view?usp=drivesdk,,,
Galaxy S25 FE 128GB RAM 8GB Vietnam سرمه ای,سامسونگ,1109931359,,کالای دیجیتال,موبایل,,,https://drive.google.com/file/d/118KcHD1WtzjW6wQqFE8QLvGc5dTu-Pxo/view?usp=drivesdk,,,
Galaxy S25 FE 128GB RAM 8GB Vietnam سفید,سامسونگ,1105377385,,کالای دیجیتال,موبایل,,,https://drive.google.com/file/d/118KcHD1WtzjW6wQqFE8QLvGc5dTu-Pxo/view?usp=drivesdk,,,
Galaxy S25 FE 128GB RAM 8GB Vietnam مشکی,سامسونگ,1101068054,,کالای دیجیتال,موبایل,,,https://drive.google.com/file/d/118KcHD1WtzjW6wQqFE8QLvGc5dTu-Pxo/view?usp=drivesdk,,,
Galaxy S25 FE 256GB RAM 8GB Vietnam سفید,سامسونگ,1109260614,,کالای دیجیتال,موبایل,,,https://drive.google.com/file/d/118KcHD1WtzjW6wQqFE8QLvGc5dTu-Pxo/view?usp=drivesdk,,,
Galaxy A07 64GB RAM 4GB مشکی,سامسونگ,1108260794,,کالای دیجیتال,موبایل,,,,,,
Galaxy A56 5G 128GB RAM 8GB Vietnam مشکی,سامسونگ,1104287689,,کالای دیجیتال,موبایل,,,https://drive.google.com/file/d/1U-y_rQ4525MTGW0PqYmvtjT6x9t1eUbY/view?usp=drivesdk,,,
Galaxy A16 128GB RAM 6GB Vietnam خاکستری,سامسونگ,1101181064,,کالای دیجیتال,موبایل,,,https://drive.google.com/file/d/12m9wdL-manDDHbo1ja9qwTlayZLCWhxd/view?usp=drivesdk,,,
Galaxy A36 5G 128GB RAM 8GB Vietnam مشکی,سامسونگ,1107393376,,کالای دیجیتال,موبایل,,,https://drive.google.com/file/d/13mqb1_9cA9proSCH8ORjsUzXVhmruLox/view?usp=drivesdk,,,
Galaxy A07 128GB RAM 4GB مشکی,سامسونگ,1101127805,,کالای دیجیتال,موبایل,,,,,,
Galaxy A04S 128GB RAM 4GB Vietnam سفید,سامسونگ,1001007285,,کالای دیجیتال,موبایل,,,,,,
Galaxy A04S 128GB RAM 4GB Vietnam مسی,سامسونگ,1001007287,,کالای دیجیتال,موبایل,,,,,,
Galaxy A04S 128GB RAM 4GB Vietnam مشکی,سامسونگ,1001007284,,کالای دیجیتال,موبایل,,,,,,
Galaxy A05 128GB RAM 6GB سبز,سامسونگ,1001012714,,کالای دیجیتال,موبایل,,,,,,
Galaxy A05 128GB RAM 6GB سفید,سامسونگ,1001012715,,کالای دیجیتال,موبایل,,,,,,
Galaxy A05 128GB RAM 6GB مشکی,سامسونگ,1001012713,,کالای دیجیتال,موبایل,,,,,,
Galaxy A05 128GB RAM 6GB نقره ای,سامسونگ,1001012770,,کالای دیجیتال,موبایل,,,,,,
Galaxy A05 64GB RAM 4GB سبز,سامسونگ,1001012813,,کالای دیجیتال,موبایل,,,,,,
Galaxy A05 64GB RAM 4GB مشکی,سامسونگ,1001012815,,کالای دیجیتال,موبایل,,,,,,
Galaxy A05 64GB RAM 4GB نقره ای,سامسونگ,1001012814,,کالای دیجیتال,موبایل,,,,,,
Galaxy A05s 128GB RAM 6GB مشکی,سامسونگ,1001012717,,کالای دیجیتال,موبایل,,,,,,
Galaxy A05s 128GB RAM 6GB نقره ای,سامسونگ,1001012760,,کالای دیجیتال,موبایل,,,,,,
Galaxy A05s 128GB RAM 6GB یاسی,سامسونگ,1001013301,,کالای دیجیتال,موبایل,,,,,,
Galaxy A05s 64GB RAM 4GB بنفش,سامسونگ,1001013248,,کالای دیجیتال,موبایل,,,,,,
Galaxy A05s 64GB RAM 4GB مشکی,سامسونگ,1001013093,,کالای دیجیتال,موبایل,,,,,,
Galaxy A05s 64GB RAM 4GB نقره ای,سامسونگ,1001013247,,کالای دیجیتال,موبایل,,,,,,
Galaxy A06 128GB RAM 4GB ابی,سامسونگ,1001019691,,کالای دیجیتال,موبایل,,,,,,
Galaxy A06 128GB RAM 4GB طلایی,سامسونگ,1001019692,,کالای دیجیتال,موبایل,,,,,,
Galaxy A06 128GB RAM 4GB مشکی,سامسونگ,1001019690,,کالای دیجیتال,موبایل,,,,,,
Galaxy A06 128GB RAM 6GB طلایی,سامسونگ,1001019688,,کالای دیجیتال,موبایل,,,,,,
Galaxy A06 128GB RAM 6GB مشکی,سامسونگ,1001019687,,کالای دیجیتال,موبایل,,,,,,
Galaxy A06 64GB RAM 4GB ابی,سامسونگ,1001019684,,کالای دیجیتال,موبایل,,,,,,
Galaxy A06 64GB RAM 4GB طلایی,سامسونگ,1001019685,,کالای دیجیتال,موبایل,,,,,,
Galaxy A06 64GB RAM 4GB مشکی,سامسونگ,1001019683,,کالای دیجیتال,موبایل,,,,,,
Galaxy A14 128GB RAM 4GB Vietnam سبز,سامسونگ,1001009191,,کالای دیجیتال,موبایل,,,,,,
Galaxy A14 128GB RAM 4GB Vietnam مشکی,سامسونگ,1001009189,,کالای دیجیتال,موبایل,,,,,,
Galaxy A14 128GB RAM 4GB Vietnam نقره ای,سامسونگ,1001009190,,کالای دیجیتال,موبایل,,,,,,
Galaxy A15 128GB RAM 4GB Vietnam	زرد,سامسونگ,1001013106,,کالای دیجیتال,موبایل,,,,,,
Galaxy A15 128GB RAM 4GB Vietnam	مشکی آبی,سامسونگ,1001013052,,کالای دیجیتال,موبایل,,,,,,
Galaxy A15 128GB RAM 6GB Vietnam آبی,سامسونگ,1001014419,,کالای دیجیتال,موبایل,,,,,,
Galaxy A15 128GB RAM 6GB Vietnam	 زرد,سامسونگ,1001013089,,کالای دیجیتال,موبایل,,,,,,
Galaxy A15 128GB RAM 6GB Vietnam	آبی روشن,سامسونگ,1001013108,,کالای دیجیتال,موبایل,,,,,,
Galaxy A15 256GB RAM 8GB Vietnam آبی,سامسونگ,1001014420,,کالای دیجیتال,موبایل,,,,,,
Galaxy A15 256GB RAM 8GB Vietnam آبی روشن,سامسونگ,1001013084,,کالای دیجیتال,موبایل,,,,,,
Galaxy A15 256GB RAM 8GB Vietnam زرد,سامسونگ,1001013244,,کالای دیجیتال,موبایل,,,,,,
Galaxy A15 256GB RAM 8GB Vietnam مشکی آبی,سامسونگ,1001013083,,کالای دیجیتال,موبایل,,,,,,
Galaxy A24 128GB RAM 4GB Vietnam مشکی,سامسونگ,1001010182,,کالای دیجیتال,موبایل,,,,,,
Galaxy A24 128GB RAM 8GB Vietnam سبز,سامسونگ,1001010255,,کالای دیجیتال,موبایل,,,,,,
Galaxy A24 128GB RAM 8GB Vietnam مشکی,سامسونگ,1001010252,,کالای دیجیتال,موبایل,,,,,,
Galaxy A24 128GB RAM 8GB Vietnam نقره ای,سامسونگ,1001010253,,کالای دیجیتال,موبایل,,,,,,
Galaxy A24 128GB RAM 8GB سبز,سامسونگ,1001010572,,کالای دیجیتال,موبایل,,,,,,
Galaxy A24 128GB RAM 8GB مشکی,سامسونگ,1001010571,,کالای دیجیتال,موبایل,,,,,,
Galaxy A24 128GB RAM 8GB نقره ای,سامسونگ,1001010977,,کالای دیجیتال,موبایل,,,,,,
Galaxy A25 5G 128GB RAM 6GB Vietnam آبی روشن,سامسونگ,1001013107,,کالای دیجیتال,موبایل,,,,,,
Galaxy A25 5G 128GB RAM 6GB Vietnam زرد,سامسونگ,1001013530,,کالای دیجیتال,موبایل,,,,,,
Galaxy A25 5G 128GB RAM 6GB Vietnam مشکی آبی,سامسونگ,1001013091,,کالای دیجیتال,موبایل,,,,,,
Galaxy A25 5G 128GB RAM 6GB Vietnam نقره ای,سامسونگ,1001013531,,کالای دیجیتال,موبایل,,,,,,
Galaxy A25 5G 256GB RAM 8GB Vietnam  آبی,سامسونگ,1001015918,,کالای دیجیتال,موبایل,,,,,,
Galaxy A25 5G 256GB RAM 8GB Vietnam آبی روشن,سامسونگ,1001013105,,کالای دیجیتال,موبایل,,,,,,
Galaxy A25 5G 256GB RAM 8GB Vietnam زرد,سامسونگ,1001013383,,کالای دیجیتال,موبایل,,,,,,
Galaxy A25 5G 256GB RAM 8GB Vietnam سفید,سامسونگ,1001013671,,کالای دیجیتال,موبایل,,,,,,
Galaxy A25 5G 256GB RAM 8GB Vietnam مشکی آبی,سامسونگ,1001013086,,کالای دیجیتال,موبایل,,,,,,
Galaxy A34 5G 128GB RAM 8GB Vietnam لیمویی,سامسونگ,1001009326,,کالای دیجیتال,موبایل,,,,,,
Galaxy A34 5G 128GB RAM 8GB Vietnam مشکی,سامسونگ,1001009268,,کالای دیجیتال,موبایل,,,,,,
Galaxy A34 5G 128GB RAM 8GB مشکی,سامسونگ,1001009515,,کالای دیجیتال,موبایل,,,,,,
Galaxy A34 5G 256GB RAM 8GB مشکی,سامسونگ,1001010797,,کالای دیجیتال,موبایل,,,,,,
Galaxy A35 5G 128GB RAM 8GB Vietnam آبی روشن,سامسونگ,1001014468,,کالای دیجیتال,موبایل,,,,,,
Galaxy A35 5G 128GB RAM 8GB Vietnam سرمه ای,سامسونگ,1001014442,,کالای دیجیتال,موبایل,,,,,,
Galaxy A35 5G 128GB RAM 8GB Vietnam لیمویی,سامسونگ,1001014443,,کالای دیجیتال,موبایل,,,,,,
Galaxy A35 5G 128GB RAM 8GB Vietnam یاسی,سامسونگ,1001014444,,کالای دیجیتال,موبایل,,,,,,
Galaxy A35 5G 128GB RAM 8GB سرمه ای,سامسونگ,1001014446,,کالای دیجیتال,موبایل,,,,,,
Galaxy A35 5G 128GB RAM 8GB لیمویی,سامسونگ,1001014447,,کالای دیجیتال,موبایل,,,,,,
Galaxy A35 5G 128GB RAM 8GB نقره ای,سامسونگ,1001014448,,کالای دیجیتال,موبایل,,,,,,
Galaxy A35 5G 256GB RAM 8GB Vietnam آبی روشن,سامسونگ,1001014467,,کالای دیجیتال,موبایل,,,,,,
Galaxy A35 5G 256GB RAM 8GB Vietnam سرمه ای,سامسونگ,1001014450,,کالای دیجیتال,موبایل,,,,,,
Galaxy A35 5G 256GB RAM 8GB Vietnam لیمویی,سامسونگ,1001014451,,کالای دیجیتال,موبایل,,,,,,
Galaxy A35 5G 256GB RAM 8GB Vietnam نقره ای,سامسونگ,1001014452,,کالای دیجیتال,موبایل,,,,,,
Galaxy A35 5G 256GB RAM 8GB Vietnam یاسی,سامسونگ,1001014461,,کالای دیجیتال,موبایل,,,,,,
Galaxy A35 5G 256GB RAM 8GB آبی روشن,سامسونگ,1001014470,,کالای دیجیتال,موبایل,,,,,,
Galaxy A35 5G 256GB RAM 8GB سرمه ای,سامسونگ,1001014454,,کالای دیجیتال,موبایل,,,,,,
Galaxy A35 5G 256GB RAM 8GB لیمویی,سامسونگ,1001014455,,کالای دیجیتال,موبایل,,,,,,
Galaxy A35 5G 256GB RAM 8GB نقره ای,سامسونگ,1001014456,,کالای دیجیتال,موبایل,,,,,,
Galaxy A54 5G 256GB RAM 8GB Vietnam سفید,سامسونگ,1001009284,,کالای دیجیتال,موبایل,,,,,,
Galaxy A54 5G 256GB RAM 8GB Vietnam لیمویی,سامسونگ,1001010141,,کالای دیجیتال,موبایل,,,,,,
Galaxy A54 5G 256GB RAM 8GB Vietnam مشکی,سامسونگ,1001009283,,کالای دیجیتال,موبایل,,,,,,
Galaxy A54 5G 256GB RAM 8GB لیمویی,سامسونگ,1001009526,,کالای دیجیتال,موبایل,,,,,,
Galaxy A54 5G 256GB RAM 8GB مشکی,سامسونگ,1001009475,,کالای دیجیتال,موبایل,,,,,,
Galaxy A55 5G 128GB RAM 8GB Vietnam آبی روشن,سامسونگ,1001014469,,کالای دیجیتال,موبایل,,,,,,
Galaxy A55 5G 128GB RAM 8GB Vietnam سرمه ای,سامسونگ,1001014465,,کالای دیجیتال,موبایل,,,,,,
Galaxy A55 5G 128GB RAM 8GB Vietnam لیمویی,سامسونگ,1001014464,,کالای دیجیتال,موبایل,,,,,,
Galaxy A55 5G 128GB RAM 8GB Vietnam یاسی,سامسونگ,1001014615,,کالای دیجیتال,موبایل,,,,,,
Galaxy A55 5G 256GB RAM 8GB Vietnam آبی روشن,سامسونگ,1001014466,,کالای دیجیتال,موبایل,,,,,,
Galaxy A55 5G 256GB RAM 8GB Vietnam سرمه ای,سامسونگ,1001014434,,کالای دیجیتال,موبایل,,,,,,
Galaxy A55 5G 256GB RAM 8GB Vietnam سفید,سامسونگ,1001014436,,کالای دیجیتال,موبایل,,,,,,
Galaxy A55 5G 256GB RAM 8GB Vietnam لیمویی,سامسونگ,1001014435,,کالای دیجیتال,موبایل,,,,,,
Galaxy A55 5G 256GB RAM 8GB Vietnam یاسی,سامسونگ,1001014462,,کالای دیجیتال,موبایل,,,,,,
Galaxy A56 5G 256GB RAM 12GB Vietnam زیتونی,سامسونگ,1108247464,,کالای دیجیتال,موبایل,,,https://drive.google.com/file/d/1U-y_rQ4525MTGW0PqYmvtjT6x9t1eUbY/view?usp=drivesdk,,,
Galaxy M13 64GB RAM 4GB آبی,سامسونگ,1001006149,,کالای دیجیتال,موبایل,,,,,,
Galaxy M13 64GB RAM 4GB سبز,سامسونگ,1001006148,,کالای دیجیتال,موبایل,,,,,,
Galaxy M14 128GB RAM 6GB  سرمه ای,سامسونگ,1001011484,,کالای دیجیتال,موبایل,,,,,,
Galaxy M14 128GB RAM 6GB ابی,سامسونگ,1001011416,,کالای دیجیتال,موبایل,,,,,,
Galaxy M14 64GB RAM 4GB ابی,سامسونگ,1001020243,,کالای دیجیتال,موبایل,,,,,,
Galaxy M14 64GB RAM 4GB سرمه ای,سامسونگ,1001020830,,کالای دیجیتال,موبایل,,,,,,
Galaxy M14 64GB RAM 4GB مشکی,سامسونگ,1001020244,,کالای دیجیتال,موبایل,,,,,,
Galaxy M55 5G 256GB RAM 8GB سبز,سامسونگ,1001021689,,کالای دیجیتال,موبایل,,,,,,
Galaxy M55 5G 256GB RAM 8GB مشکی,سامسونگ,1001021688,,کالای دیجیتال,موبایل,,,,,,
Galaxy S20 FE 5G 128GB RAM 8GB آبی,سامسونگ,1001001572,,کالای دیجیتال,موبایل,,,,,,
Galaxy S20 FE 5G 128GB RAM 8GB بنفش,سامسونگ,1001001573,,کالای دیجیتال,موبایل,,,,,,
Galaxy S20 FE 5G 128GB RAM 8GB نعنایی,سامسونگ,1001001570,,کالای دیجیتال,موبایل,,,,,,
Galaxy S21 FE 5G 128GB RAM 8GB زیتونی,سامسونگ,1001004245,,کالای دیجیتال,موبایل,,,,,,
Galaxy S21 FE 5G 128GB RAM 8GB مشکی,سامسونگ,1001004242,,کالای دیجیتال,موبایل,,,,,,
Galaxy S21 FE 5G 256GB RAM 8GB Vietnam بنفش,سامسونگ,1001004239,,کالای دیجیتال,موبایل,,,,,,
Galaxy S21 FE 5G 256GB RAM 8GB Vietnam خاکستری,سامسونگ,1001004237,,کالای دیجیتال,موبایل,,,,,,
Galaxy S21 FE 5G 256GB RAM 8GB Vietnam زیتونی,سامسونگ,1001004240,,کالای دیجیتال,موبایل,,,,,,
Galaxy S21 FE 5G 256GB RAM 8GB Vietnam سفید,سامسونگ,1001004238,,کالای دیجیتال,موبایل,,,,,,
Galaxy S21 FE 5G 256GB RAM 8GB ابی,سامسونگ,1001011934,,کالای دیجیتال,موبایل,,,,,,
Galaxy S21 FE 5G 256GB RAM 8GB بنفش,سامسونگ,1001006257,,کالای دیجیتال,موبایل,,,,,,
Galaxy S21 FE 5G 256GB RAM 8GB خاکستری,سامسونگ,1001006258,,کالای دیجیتال,موبایل,,,,,,
Galaxy S21 FE 5G 256GB RAM 8GB زیتونی,سامسونگ,1001006256,,کالای دیجیتال,موبایل,,,,,,
Galaxy S21 FE 5G 256GB RAM 8GB سفید,سامسونگ,1001006255,,کالای دیجیتال,موبایل,,,,,,
Galaxy S23 FE 5G 128GB RAM 8GB Vietnamمشکی,سامسونگ,1001011782,,کالای دیجیتال,موبایل,,,,,,
Galaxy S23 FE 5G 256GB RAM 8GB Vietnam آبی نیلی,سامسونگ,1001013197,,کالای دیجیتال,موبایل,,,,,,
Galaxy S23 FE 5G 256GB RAM 8GB Vietnam سبز,سامسونگ,1001011780,,کالای دیجیتال,موبایل,,,,,,
Galaxy S23 FE 5G 256GB RAM 8GB Vietnam کرم,سامسونگ,1001011841,,کالای دیجیتال,موبایل,,,,,,
Galaxy S23 FE 5G 256GB RAM 8GB Vietnam مشکی,سامسونگ,1001011779,,کالای دیجیتال,موبایل,,,,,,
Galaxy S23 FE 5G 256GB RAM 8GB Vietnam نارنجی,سامسونگ,1001013196,,کالای دیجیتال,موبایل,,,,,,
Galaxy S23 FE 5G 256GB RAM 8GB سبز,سامسونگ,1001012521,,کالای دیجیتال,موبایل,,,,,,
Galaxy S23 FE 5G 256GB RAM 8GB مشکی,سامسونگ,1001011830,,کالای دیجیتال,موبایل,,,,,,
Galaxy S23 Ultra 5G 256GB RAM 12GB Vietnam مشکی,سامسونگ,1001008322,,کالای دیجیتال,موبایل,,,,,,
Galaxy S24 FE 5G 256GB RAM 8GB Vietnam ابی,سامسونگ,1001020769,,کالای دیجیتال,موبایل,,,,,,
Galaxy S24 FE 5G 256GB RAM 8GB Vietnam خاکستری,سامسونگ,1001020684,,کالای دیجیتال,موبایل,,,,,,
Galaxy S24 FE 5G 256GB RAM 8GB Vietnam خاکستری(گرافیت),سامسونگ,1001020768,,کالای دیجیتال,موبایل,,,,,,
Galaxy S24 FE 5G 256GB RAM 8GB Vietnam سبز,سامسونگ,1001020770,,کالای دیجیتال,موبایل,,,,,,
Galaxy S24 Ultra 5G 256GB RAM 12GB Vietnam بنفش تیتانیوم,سامسونگ,1001013511,,کالای دیجیتال,موبایل,,,,,,
Galaxy S24 Ultra 5G 256GB RAM 12GB Vietnam خاکستری تیتانیوم,سامسونگ,1001013409,,کالای دیجیتال,موبایل,,,,,,
Galaxy S24 Ultra 5G 256GB RAM 12GB Vietnam زرد تیتانیوم,سامسونگ,1001013512,,کالای دیجیتال,موبایل,,,,,,
Galaxy S24 Ultra 5G 256GB RAM 12GB Vietnam مشکی تیتانیوم,سامسونگ,1001013410,,کالای دیجیتال,موبایل,,,,,,
Galaxy S24 Ultra 5G 512GB RAM 12GB Vietnam تیتانیوم خاکستری,سامسونگ,1001014479,,کالای دیجیتال,موبایل,,,,,,
Galaxy S24 Ultra 5G 512GB RAM 12GB Vietnam مشکی,سامسونگ,1001014201,,کالای دیجیتال,موبایل,,,,,,
Galaxy S25 5G 128GB RAM 12GB Vietnam نقره ای,سامسونگ,1106357942,,کالای دیجیتال,موبایل,,,,,,
Galaxy S25 5G 128GB RAM 12GB Vietnam خاکستری,سامسونگ,1108298234,,کالای دیجیتال,موبایل,,,,,,
Galaxy S25 5G 256GB RAM 12GB Vietnam آبی روشن,سامسونگ,1102807624,,کالای دیجیتال,موبایل,,,,,,
Galaxy S25 5G 256GB RAM 12GB Vietnam نقره ای,سامسونگ,1107400726,,کالای دیجیتال,موبایل,,,,,,
Galaxy S25 5G 256GB RAM 12GB Vietnam سرمه ای,سامسونگ,1104696229,,کالای دیجیتال,موبایل,,,,,,
Galaxy S25+ 5G 256GB RAM 12GB Vietnam نقره ای,سامسونگ,1105577279,,کالای دیجیتال,موبایل,,,,,,
Galaxy S25+ 5G 256GB RAM 12GB Vietnam آبی روشن,سامسونگ,1101057976,,کالای دیجیتال,موبایل,,,,,,
Galaxy S25+ 5G 256GB RAM 12GB Vietnam سرمه ای,سامسونگ,1106043133,,کالای دیجیتال,موبایل,,,,,,
Galaxy S25 Ultra 5G 256GB RAM 12GB Vietnam خاکستری,سامسونگ,1105384788,,کالای دیجیتال,موبایل,,,,,,
Galaxy S25 Ultra 5G 256GB RAM 12GB Vietnam مشکی مات,سامسونگ,1107869794,,کالای دیجیتال,موبایل,,,,,,
Galaxy S25 Ultra 5G 256GB RAM 12GB Vietnam سفید نقره ای,سامسونگ,1104093779,,کالای دیجیتال,موبایل,,,,,,
Galaxy S25 Ultra 5G 256GB RAM 12GB Vietnam نقره ای آبی,سامسونگ,1102795545,,کالای دیجیتال,موبایل,,,,,,
Galaxy S25 Ultra 5G 512GB RAM 12GB Vietnam خاکستری,سامسونگ,1103455199,,کالای دیجیتال,موبایل,,,,,,
Galaxy S25 Ultra 5G 512GB RAM 12GB Vietnam نقره ای سفید,سامسونگ,1105290772,,کالای دیجیتال,موبایل,,,,,,
Galaxy S25 Ultra 5G 512GB RAM 12GB Vietnam نقره ای آبی,سامسونگ,1109609659,,کالای دیجیتال,موبایل,,,,,,
Galaxy S25 Ultra 5G 512GB RAM 12GB Vietnam مشکی,سامسونگ,1103166828,,کالای دیجیتال,موبایل,,,,,,
Galaxy Z Flip4 512GB RAM 8GB Vitenam صورتی طلایی,سامسونگ,1101915433,,کالای دیجیتال,موبایل,,,,,,
Galaxy Z Flip4 512GB RAM 8GB Vitenam مشکی,سامسونگ,1103595926,,کالای دیجیتال,موبایل,,,,,,
Galaxy Z Flip5 5G 256GB RAM 8GB Vitenam  کرم,سامسونگ,1001011394,,کالای دیجیتال,موبایل,,,,,,
Galaxy Z Flip5 5G 256GB RAM 8GB Vitenam بنفش,سامسونگ,1001011395,,کالای دیجیتال,موبایل,,,,,,
Galaxy Z Flip5 5G 256GB RAM 8GB Vitenam مشکی,سامسونگ,1001011397,,کالای دیجیتال,موبایل,,,,,,
Galaxy Z Flip5 5G 256GB RAM 8GB Vitenam نعنایی,سامسونگ,1001011396,,کالای دیجیتال,موبایل,,,,,,
Galaxy Z Flip5 5G 512GB RAM 8GB Vitenam  کرم,سامسونگ,1001011400,,کالای دیجیتال,موبایل,,,,,,
Galaxy Z Flip5 5G 512GB RAM 8GB Vitenam بنفش,سامسونگ,1001011401,,کالای دیجیتال,موبایل,,,,,,
Galaxy Z Flip5 5G 512GB RAM 8GB Vitenam مشکی,سامسونگ,1001011399,,کالای دیجیتال,موبایل,,,,,,
Galaxy Z Flip5 5G 512GB RAM 8GB Vitenam نعنایی,سامسونگ,1001011402,,کالای دیجیتال,موبایل,,,,,,
Galaxy Z Fold5 5G 256GB RAM 12GB Vietnam ابی,سامسونگ,1001011409,,کالای دیجیتال,موبایل,,,,,,
Galaxy Z Fold5 5G 256GB RAM 12GB Vietnam کرم,سامسونگ,1001011410,,کالای دیجیتال,موبایل,,,,,,
Galaxy Z Fold5 5G 256GB RAM 12GB Vietnam مشکی,سامسونگ,1001011408,,کالای دیجیتال,موبایل,,,,,,
Galaxy Z Fold5 5G 512GB RAM 12GB Vietnam ابی,سامسونگ,1001011405,,کالای دیجیتال,موبایل,,,,,,
Galaxy Z Fold5 5G 512GB RAM 12GB Vietnam کرم,سامسونگ,1001011406,,کالای دیجیتال,موبایل,,,,,,
Galaxy Z Fold5 5G 512GB RAM 12GB Vietnam مشکی,سامسونگ,1001011404,,کالای دیجیتال,موبایل,,,,,,
Galaxy Z Fold6 5G 256GB RAM 12GB Vietnam سرمه ای,سامسونگ,1001019403,,کالای دیجیتال,موبایل,,,,,,
Galaxy A56 5G 256GB RAM 8GB Vietnam مشکی,سامسونگ,1104433849,,کالای دیجیتال,موبایل,,گوشی Galaxy A56 5G از برند سامسونگ با حافظه داخلی 256 گیگابایت و رم 8 گیگابایت؛ مناسب ارتباط، استفاده روزمره و اجرای برنامه‌ها.,https://drive.google.com/file/d/1U-y_rQ4525MTGW0PqYmvtjT6x9t1eUbY/view?usp=drivesdk,,,
Galaxy A36 5G 256GB RAM 8GB Vietnam مشکی,سامسونگ,1107585517,,کالای دیجیتال,موبایل,,,https://drive.google.com/file/d/13mqb1_9cA9proSCH8ORjsUzXVhmruLox/view?usp=drivesdk,,,
Galaxy A16 128GB RAM 4GB Vietnam مشکی,سامسونگ,1104498112,,کالای دیجیتال,موبایل,,,https://drive.google.com/file/d/12m9wdL-manDDHbo1ja9qwTlayZLCWhxd/view?usp=drivesdk,,,
Galaxy A16 256GB RAM 8GB Vietnam مشکی,سامسونگ,1101495041,,کالای دیجیتال,موبایل,,,https://drive.google.com/file/d/12m9wdL-manDDHbo1ja9qwTlayZLCWhxd/view?usp=drivesdk,,,
تبلت Galaxy Tab A9 64GB RAM 4GB سرمه ای,سامسونگ,1001013392,,کالای دیجیتال,تبلت,,,,,,
تبلت Galaxy Tab A9 64GB RAM 4GB نقره ای,سامسونگ,1001013393,,کالای دیجیتال,تبلت,,,,,,
تبلت GALAXY Tab A9+ 5G 64GB RAM 4GB خاکستری,سامسونگ,1001013395,,کالای دیجیتال,تبلت,,,,,,
تبلت GALAXY Tab A9+ 5G 64GB RAM 4GB نقره ای,سامسونگ,1001013396,,کالای دیجیتال,تبلت,,,,,,
تبلت Galaxy Tab A9 64GB RAM 4GB خاکستری,سامسونگ,1001013397,,کالای دیجیتال,تبلت,,,,,,
تبلت GALAXY Tab A9+ 5G 64GB RAM 4GB سرمه ای,سامسونگ,1001013398,,کالای دیجیتال,تبلت,,,,,,
تبلت Galaxy  Tab A9 128GB RAM 8GB نقره ای,سامسونگ,1001013400,,کالای دیجیتال,تبلت,,,,,,
تبلت Galaxy  Tab A9 128GB RAM 8GB سرمه ای,سامسونگ,1001013401,,کالای دیجیتال,تبلت,,,,,,
تبلت GALAXY Tab A9+ 5G 128GB RAM 8GB خاکستری,سامسونگ,1001014251,,کالای دیجیتال,تبلت,,,,,,
تبلت GALAXY Tab A9+ 5G 128GB RAM 8GB ابی,سامسونگ,1001014252,,کالای دیجیتال,تبلت,,,,,,
تبلت GALAXY Tab A9+ 5G 128GB RAM 8GB نقره ای,سامسونگ,1001014374,,کالای دیجیتال,تبلت,,,,,,
تبلت Galaxy Tab A9 128GB RAM 8GB خاکستری,سامسونگ,1001021268,,کالای دیجیتال,تبلت,,,,,,
Galaxy S25 Edge 512GB RAM 12GB نقره ای,سامسونگ,1109284010,,کالای دیجیتال,موبایل,,,,,,
Galaxy S25 Edge 512GB RAM 12GB آبی یخی,سامسونگ,1109201218,,کالای دیجیتال,موبایل,,,,,,
Galaxy A16 256GB RAM 8GB Vietnam سبز,سامسونگ,1102218605,,کالای دیجیتال,موبایل,,,https://drive.google.com/file/d/12m9wdL-manDDHbo1ja9qwTlayZLCWhxd/view?usp=drivesdk,,,
Galaxy A26 5G 128GB RAM 6GB Vietnam مشکی,سامسونگ,1108365906,,کالای دیجیتال,موبایل,,,https://drive.google.com/file/d/1lIhDo1fIhuvcYEglBt8wSKuP6XdiqgSB/view?usp=drivesdk,,,
Galaxy S25 Ultra 5G 256GB RAM 12GB Vietnam مشکی براق Jet Black,سامسونگ,1105011265,,کالای دیجیتال,موبایل,,,,,,
Galaxy A16 256GB RAM 8GB Vietnam خاکستری,سامسونگ,1101733550,,کالای دیجیتال,موبایل,,,https://drive.google.com/file/d/12m9wdL-manDDHbo1ja9qwTlayZLCWhxd/view?usp=drivesdk,,,
Galaxy A26 5G 256GB RAM 8GB Vietnam مشکی,سامسونگ,1104592267,,کالای دیجیتال,موبایل,,,https://drive.google.com/file/d/1lIhDo1fIhuvcYEglBt8wSKuP6XdiqgSB/view?usp=drivesdk,,,
Galaxy A16 128GB RAM 6GB Vietnam مشکی,سامسونگ,1001022674,,کالای دیجیتال,موبایل,,,https://drive.google.com/file/d/12m9wdL-manDDHbo1ja9qwTlayZLCWhxd/view?usp=drivesdk,,,
Galaxy A16 128GB RAM 4GB Vietnam خاکستری,سامسونگ,1107543850,,کالای دیجیتال,موبایل,,,https://drive.google.com/file/d/12m9wdL-manDDHbo1ja9qwTlayZLCWhxd/view?usp=drivesdk,,,
Galaxy A56 5G 256GB RAM 8GB Vietnam خاکستری,سامسونگ,1107583034,,کالای دیجیتال,موبایل,,,https://drive.google.com/file/d/1U-y_rQ4525MTGW0PqYmvtjT6x9t1eUbY/view?usp=drivesdk,,,
Galaxy A05s 128GB RAM 4GB مشکی,سامسونگ,1001012764,,کالای دیجیتال,موبایل,,,,,,
Galaxy A36 5G 256GB RAM 8GB Vietnam سفید,سامسونگ,1106599055,,کالای دیجیتال,موبایل,,,https://drive.google.com/file/d/13mqb1_9cA9proSCH8ORjsUzXVhmruLox/view?usp=drivesdk,,,
Galaxy A16 128GB RAM 4GB Vietnam سبز,سامسونگ,1106089021,,کالای دیجیتال,موبایل,,,https://drive.google.com/file/d/12m9wdL-manDDHbo1ja9qwTlayZLCWhxd/view?usp=drivesdk,,,
Galaxy Z Fold7 5G 256GB RAM 12GB Vietnam مشکی براق,سامسونگ,1104876190,,کالای دیجیتال,موبایل,,,,,,
Galaxy Z Fold7 5G 512GB RAM 12GB Vietnam مشکی براق,سامسونگ,1106566346,,کالای دیجیتال,موبایل,,,,,,
Galaxy A36 5G 256GB RAM 8GB Vietnam لیمویی,سامسونگ,1103194768,,کالای دیجیتال,موبایل,,,https://drive.google.com/file/d/13mqb1_9cA9proSCH8ORjsUzXVhmruLox/view?usp=drivesdk,,,
Galaxy A36 5G 256GB RAM 12GB (مالزی) مشکی,سامسونگ,1107861448,,کالای دیجیتال,موبایل,,,https://drive.google.com/file/d/13mqb1_9cA9proSCH8ORjsUzXVhmruLox/view?usp=drivesdk,,,
Galaxy Z Fold7 5G 256GB RAM 12GB Vietnam آبی,سامسونگ,1107569821,,کالای دیجیتال,موبایل,,,,,,
Galaxy A56 5G 256GB RAM 8GB Vietnam زیتونی,سامسونگ,1104359463,,کالای دیجیتال,موبایل,,,https://drive.google.com/file/d/1U-y_rQ4525MTGW0PqYmvtjT6x9t1eUbY/view?usp=drivesdk,,,
هدفون بلوتوثی سامسونگ مدل Galaxy Buds2 Pro بنفش,سامسونگ,1001011699,,کالای دیجیتال,اکسسوری,هدفون و هندزفری,,,,,
هدفون بی سیم Galaxy Buds 2 Pro سفید,سامسونگ,1001005847,,کالای دیجیتال,اکسسوری,هدفون و هندزفری,,,,,
هدفون بی سیم سامسونگ مدل Galaxy Buds Live برنزی,سامسونگ,1001011271,,کالای دیجیتال,اکسسوری,هدفون و هندزفری,,,,,
هدفون بی سیم سامسونگ مدل Galaxy Buds Live مشکی,سامسونگ,1001011270,,کالای دیجیتال,اکسسوری,هدفون و هندزفری,,,,,
هدفون سامسونگ مدل Galaxy Buds 2 سفید,سامسونگ,1001011494,,کالای دیجیتال,اکسسوری,هدفون و هندزفری,,,,,
هدفون سامسونگ مدل Galaxy Buds FE مشکی,سامسونگ,1001012240,,کالای دیجیتال,اکسسوری,هدفون و هندزفری,,,,,
هدفون سامسونگ مدل Galaxy Buds FE سفید,سامسونگ,1001012638,,کالای دیجیتال,اکسسوری,هدفون و هندزفری,,,,,
هدفون سامسونگ مدل Galaxy Buds FE مشکی,سامسونگ,1001012635,,کالای دیجیتال,اکسسوری,هدفون و هندزفری,,,,,
شارژر دیواری 25W سامسونگ مدل EP-TA800 سه پین سفید,سامسونگ,1001009103,,کالای دیجیتال,شارژر,شارژر دیواری,,,,,
شارژر دیواری 25W سامسونگ مدل EP-TA800 سه پین سفید,سامسونگ,1001008058,,کالای دیجیتال,شارژر,شارژر دیواری,,,,,
شارژر دیواری 25W سامسونگ مدل EP-TA800 سه پین مشکی,سامسونگ,1001006445,,کالای دیجیتال,شارژر,شارژر دیواری,,,,,
شارژر دیواری 25W سامسونگ مدل EP-TA800 سه پین مشکی,سامسونگ,1001007099,,کالای دیجیتال,شارژر,شارژر دیواری,,,,,
هدفون بی سیم سامسونگ مدل Samsung Galaxy buds3 Pro سفید,سامسونگ,1103615827,,کالای دیجیتال,اکسسوری,هدفون و هندزفری,,,,,
هدفون بی سیم سامسونگ مدل Samsung Galaxy buds3 Pro نقره ای,سامسونگ,1104326359,,کالای دیجیتال,اکسسوری,هدفون و هندزفری,,,,,
هدفون بی سیم سامسونگ مدل Galaxy Buds3 سفید,سامسونگ,1001019676,,کالای دیجیتال,اکسسوری,هدفون و هندزفری,,,,,
هدفون بی سیم سامسونگ مدل Galaxy Buds3 نقره ای,سامسونگ,1001019677,,کالای دیجیتال,اکسسوری,هدفون و هندزفری,,,,,
هدفون بی سیم سامسونگ مدل Galaxy Buds FE مشکی,سامسونگ,1001012637,,کالای دیجیتال,اکسسوری,هدفون و هندزفری,,,,,
هدفون بی سیم سامسونگ مدل Galaxy Buds FE سفید,سامسونگ,1001014430,,کالای دیجیتال,اکسسوری,هدفون و هندزفری,,,,,
هدفون بی سیم سامسونگ مدل Galaxy buds Core مشکی,سامسونگ,1107973367,,کالای دیجیتال,اکسسوری,هدفون و هندزفری,,,,,
هدفون بی سیم سامسونگ مدل Galaxy buds Core سفید,سامسونگ,1108395177,,کالای دیجیتال,اکسسوری,هدفون و هندزفری,,,,,
ساعت هوشمند سامسونگ مدل Galaxy Watch 6 SM-R940 44mm نقره ای,سامسونگ,1001011205,,کالای دیجیتال,اکسسوری,ساعت و مچ‌بند هوشمند,,,,,
ساعت هوشمند سامسونگ مدل Galaxy Watch 6 SM-R930 40mm مشکی,سامسونگ,1001011207,,کالای دیجیتال,اکسسوری,ساعت و مچ‌بند هوشمند,,,,,
POCO C65 256GB RAM 8GB ابی,شیائومی,1001012435,,کالای دیجیتال,موبایل,,,,,,
POCO C65 256GB RAM 8GB بنفش,شیائومی,1001012826,,کالای دیجیتال,موبایل,,,,,,
POCO C65 256GB RAM 8GB مشکی,شیائومی,1001012434,,کالای دیجیتال,موبایل,,,,,,
POCO C75 256GB RAM 8GB ابی,شیائومی,1001020958,,کالای دیجیتال,موبایل,,,,,,
POCO C75 256GB RAM 8GB سبز,شیائومی,1001020959,,کالای دیجیتال,موبایل,,,,,,
POCO C75 256GB RAM 8GB طلایی,شیائومی,1001020960,,کالای دیجیتال,موبایل,,,,,,
POCO C75 256GB RAM 8GB مشکی,شیائومی,1001020957,,کالای دیجیتال,موبایل,,,,,,
POCO F5 Pro 5G 512GB RAM 12GB مشکی,شیائومی,1001011025,,کالای دیجیتال,موبایل,,,,,,
POCO F6 pro 512GB RAM 12GB مشکی,شیائومی,1001020228,,کالای دیجیتال,موبایل,,,,,,
POCO M6 Pro 512GB RAM 12GB بنفش,شیائومی,1001013597,,کالای دیجیتال,موبایل,,,,,,
POCO M6 Pro 512GB RAM 12GB مشکی,شیائومی,1001013595,,کالای دیجیتال,موبایل,,,,,,
POCO X4 Pro 5G 256GB RAM 8GB آبی,شیائومی,1001005074,,کالای دیجیتال,موبایل,,,,,,
POCO X4 Pro 5G 256GB RAM 8GB زرد,شیائومی,1001005075,,کالای دیجیتال,موبایل,,,,,,
POCO X5 5G 256GB RAM 8GB ابی,شیائومی,1001008940,,کالای دیجیتال,موبایل,,,,,,
POCO X5 5G 256GB RAM 8GB سبز,شیائومی,1001008941,,کالای دیجیتال,موبایل,,,,,,
POCO X5 Pro 5G 256GB RAM 8GB آبی,شیائومی,1001008466,,کالای دیجیتال,موبایل,,,,,,
POCO X5 Pro 5G 256GB RAM 8GB مشکی,شیائومی,1001008465,,کالای دیجیتال,موبایل,,,,,,
POCO X6 PRO 5G 512GB RAM 12GB ابی,شیائومی,1001013518,,کالای دیجیتال,موبایل,,,,,,
POCO X6 PRO 5G 512GB RAM 12GB خاکستری,شیائومی,1001013514,,کالای دیجیتال,موبایل,,,,,,
POCO X6 PRO 5G 512GB RAM 12GB زرد,شیائومی,1001013517,,کالای دیجیتال,موبایل,,,,,,
POCO X6 PRO 5G 512GB RAM 12GB مشکی,شیائومی,1001013515,,کالای دیجیتال,موبایل,,,,,,
Redmi 13 256GB RAM 8GB آبی,شیائومی,1001017271,,کالای دیجیتال,موبایل,,,,,,
Redmi 13 256GB RAM 8GB مشکی,شیائومی,1001016779,,کالای دیجیتال,موبایل,,,,,,
Redmi 14C 256GB RAM 8GB ابی,شیائومی,1001020097,,کالای دیجیتال,موبایل,,,,,,
Redmi 14C 256GB RAM 8GB بنفش,شیائومی,1001020336,,کالای دیجیتال,موبایل,,,,,,
Redmi 14C 256GB RAM 8GB سبز,شیائومی,1001020098,,کالای دیجیتال,موبایل,,,,,,
Redmi 14C 256GB RAM 8GB سفید,شیائومی,1001020096,,کالای دیجیتال,موبایل,,,,,,
Redmi 14C 256GB RAM 8GB مشکی,شیائومی,1001020095,,کالای دیجیتال,موبایل,,,,,,
Redmi A3 128GB RAM 4GB آبی,شیائومی,1001014516,,کالای دیجیتال,موبایل,,,,,,
Redmi A3 128GB RAM 4GB سبز,شیائومی,1001014515,,کالای دیجیتال,موبایل,,,,,,
Redmi A3 128GB RAM 4GB مشکی,شیائومی,1001014514,,کالای دیجیتال,موبایل,,,,,,
Redmi A3 64GB RAM 3GB ابی,شیائومی,1001015156,,کالای دیجیتال,موبایل,,,,,,
Redmi A3 64GB RAM 3GB سبز,شیائومی,1001015511,,کالای دیجیتال,موبایل,,,,,,
Redmi A3 64GB RAM 3GB مشکی,شیائومی,1001015040,,کالای دیجیتال,موبایل,,,,,,
Redmi A3x 128GB RAM 4GB آبی,شیائومی,1001019157,,کالای دیجیتال,موبایل,,,,,,
Redmi A3x 128GB RAM 4GB سبز,شیائومی,1001019158,,کالای دیجیتال,موبایل,,,,,,
Redmi A3x 128GB RAM 4GB سفید,شیائومی,1001019155,,کالای دیجیتال,موبایل,,,,,,
Redmi A3x 128GB RAM 4GB مشکی,شیائومی,1001019156,,کالای دیجیتال,موبایل,,,,,,
Redmi A3x 64GB RAM 3GB سبز,شیائومی,1001020999,,کالای دیجیتال,موبایل,,,,,,
Redmi A3x 64GB RAM 3GB سفید,شیائومی,1001020998,,کالای دیجیتال,موبایل,,,,,,
Redmi A3x 64GB RAM 3GB مشکی,شیائومی,1001020997,,کالای دیجیتال,موبایل,,,,,,
Redmi Note 13 256GB RAM 8GB آبی,شیائومی,1001013609,,کالای دیجیتال,موبایل,,,,,,
Redmi Note 13 256GB RAM 8GB سبز,شیائومی,1001013610,,کالای دیجیتال,موبایل,,,,,,
Redmi Note 13 256GB RAM 8GB طلایی,شیائومی,1001014939,,کالای دیجیتال,موبایل,,,,,,
Redmi Note 13 256GB RAM 8GB مشکی,شیائومی,1001013608,,کالای دیجیتال,موبایل,,,,,,
Redmi Note 13 Pro 256GB RAM 8GB بنفش,شیائومی,1001013657,,کالای دیجیتال,موبایل,,,,,,
Redmi Note 13 Pro 256GB RAM 8GB سبز,شیائومی,1001013656,,کالای دیجیتال,موبایل,,,,,,
Redmi Note 13 Pro 256GB RAM 8GB مشکی,شیائومی,1001013653,,کالای دیجیتال,موبایل,,,,,,
Redmi Note 13 Pro 5G 512GB RAM 12GB آبی,شیائومی,1001013613,,کالای دیجیتال,موبایل,,,,,,
Redmi Note 13 Pro 5G 512GB RAM 12GB بنفش,شیائومی,1001013614,,کالای دیجیتال,موبایل,,,,,,
Redmi Note 13 Pro 5G 512GB RAM 12GB مشکی,شیائومی,1001013612,,کالای دیجیتال,موبایل,,,,,,
Redmi Note 13 Pro Plus 5G 512GB RAM 12GB سفید,شیائومی,1001013660,,کالای دیجیتال,موبایل,,,,,,
Redmi Note 13 Pro Plus 5G 512GB RAM 12GB مشکی,شیائومی,1001013723,,کالای دیجیتال,موبایل,,,,,,
Redmi Note 14 Pro 512GB RAM 12GB سبز,شیائومی,1107378755,,کالای دیجیتال,موبایل,,,,,,
Redmi Note 14 256GB RAM 8GB سبز,شیائومی,1101319023,,کالای دیجیتال,موبایل,,,,,,
Redmi Note 14 256GB RAM 8GB مشکی,شیائومی,1101254630,,کالای دیجیتال,موبایل,,,,,,
Redmi Note 14 256GB RAM 8GB آبی,شیائومی,1103966179,,کالای دیجیتال,موبایل,,,,,,
Redmi Note 14 Pro 256GB RAM 8GB بنفش,شیائومی,1103247642,,کالای دیجیتال,موبایل,,,,,,
Redmi Note 14 Pro 256GB RAM 8GB آبی,شیائومی,1103588961,,کالای دیجیتال,موبایل,,,,,,
Redmi Note 14 Pro 256GB RAM 8GB مشکی,شیائومی,1103680738,,کالای دیجیتال,موبایل,,,,,,
Redmi Note 14 Pro 512GB RAM 12GB بنفش,شیائومی,1101790326,,کالای دیجیتال,موبایل,,,,,,
Redmi Note 14 Pro 512GB RAM 12GB آبی,شیائومی,1105016629,,کالای دیجیتال,موبایل,,,,,,
Redmi Note 14 Pro 5G 512GB RAM 12GB سبز,شیائومی,1102114633,,کالای دیجیتال,موبایل,,,,,,
Redmi Note 14 Pro 5G 512GB RAM 12GB مشکی,شیائومی,1105765663,,کالای دیجیتال,موبایل,,,,,,
Redmi Note 14 Pro 5G 512GB RAM 12GB بنفش,شیائومی,1104763711,,کالای دیجیتال,موبایل,,,,,,
Redmi Note 14 Pro 512GB RAM 12GB مشکی,شیائومی,1109820235,,کالای دیجیتال,موبایل,,,,,,
Redmi Note 14 Pro Plus 5G 512GB RAM 12GB بنفش,شیائومی,1103736568,,کالای دیجیتال,موبایل,,,,,,
Redmi Note 14 Pro Plus 5G 512GB RAM 12GB مشکی,شیائومی,1108657695,,کالای دیجیتال,موبایل,,,,,,
Redmi Note 14 Pro 5G 512GB RAM 12GB آبی,شیائومی,1105423137,,کالای دیجیتال,موبایل,,,,,,
Redmi Note 14 Pro Plus 5G 512GB RAM 12GB آبی,شیائومی,1102962199,,کالای دیجیتال,موبایل,,,,,,
Redmi Note 14 256GB RAM 8GB بنفش,شیائومی,1101767647,,کالای دیجیتال,موبایل,,,,,,
Redmi Note 14 Pro Plus 5G 512GB RAM 12GB سفید,شیائومی,1106760532,,کالای دیجیتال,موبایل,,,,,,
Redmi Note 14 Pro Plus 5G 512GB RAM 12GB سبز,شیائومی,1105904073,,کالای دیجیتال,موبایل,,,,,,
Redmi Note 14 Pro 256GB RAM 8GB سبز,شیائومی,1101159859,,کالای دیجیتال,موبایل,,,,,,
Xiaomi 14 5G 512GB RAM 12GB سبز,شیائومی,1001021673,,کالای دیجیتال,موبایل,,,,,,
Xiaomi 14 5G 512GB RAM 12GB سفید,شیائومی,1001021672,,کالای دیجیتال,موبایل,,,,,,
Xiaomi 14 5G 512GB RAM 12GB مشکی,شیائومی,1001021671,,کالای دیجیتال,موبایل,,,,,,
Xiaomi 14T 5G 265GB RAM 12GB آبی,شیائومی,1001021163,,کالای دیجیتال,موبایل,,,,,,
Xiaomi 14T 5G 265GB RAM 12GB خاکستری,شیائومی,1001021162,,کالای دیجیتال,موبایل,,,,,,
Xiaomi 14T 5G 265GB RAM 12GB مشکی,شیائومی,1001021161,,کالای دیجیتال,موبایل,,,,,,
Xiaomi 14T pro 5G 512GB RAM 12GB	 آبی,شیائومی,1001021153,,کالای دیجیتال,موبایل,,,,,,
Xiaomi 14T pro 5G 512GB RAM 12GB	 مشکی,شیائومی,1001021154,,کالای دیجیتال,موبایل,,,,,,
Xiaomi 14T pro 5G 512GB RAM 12GB	خاکستری,شیائومی,1001021155,,کالای دیجیتال,موبایل,,,,,,
Xiaomi Redmi 12 128GB RAM 8GB ابی,شیائومی,1001010864,,کالای دیجیتال,موبایل,,,,,,
Xiaomi Redmi 12 128GB RAM 8GB مشکی,شیائومی,1001010863,,کالای دیجیتال,موبایل,,,,,,
Xiaomi Redmi 12 256GB RAM 8GB مشکی,شیائومی,1001011281,,کالای دیجیتال,موبایل,,,,,,
Xiaomi Redmi 13C 256GB RAM 8GB سبز,شیائومی,1001012477,,کالای دیجیتال,موبایل,,,,,,
Xiaomi Redmi 13C 256GB RAM 8GB مشکی,شیائومی,1001012405,,کالای دیجیتال,موبایل,,,,,,
Xiaomi Redmi Note 11 Pro Plus 5G 128GB RAM 8GB سبز,شیائومی,1001005465,,کالای دیجیتال,موبایل,,,,,,
Xiaomi Redmi Note 11 Pro Plus 5G 256GB RAM 8GB سبز,شیائومی,1001004335,,کالای دیجیتال,موبایل,,,,,,
Xiaomi Redmi Note 12 256GB RAM 8GB خاکستری,شیائومی,1001011113,,کالای دیجیتال,موبایل,,,,,,
Xiaomi Redmi Note 12 256GB RAM 8GB طلایی,شیائومی,1001011480,,کالای دیجیتال,موبایل,,,,,,
Xiaomi Redmi Note 12 Pro 256GB RAM 8GB آبی,شیائومی,1001010680,,کالای دیجیتال,موبایل,,,,,,
Xiaomi Redmi Note 12 Pro 256GB RAM 8GB خاکستری,شیائومی,1001010682,,کالای دیجیتال,موبایل,,,,,,
Xiaomi Redmi Note 12 Pro 256GB RAM 8GB سفید,شیائومی,1001010681,,کالای دیجیتال,موبایل,,,,,,
Xiaomi Redmi Note 12 Pro 5G 256GB RAM 8GB مشکی,شیائومی,1001009452,,کالای دیجیتال,موبایل,,,,,,
Xiaomi Redmi Note 12S 256GB RAM 8GB آبی,شیائومی,1001010273,,کالای دیجیتال,موبایل,,,,,,
Xiaomi Redmi Note 12S 256GB RAM 8GB سبز,شیائومی,1001010274,,کالای دیجیتال,موبایل,,,,,,
Xiaomi Redmi Note 12S 256GB RAM 8GB مشکی,شیائومی,1001010272,,کالای دیجیتال,موبایل,,,,,,
Redmi Note 14S 256GB RAM 8GB مشکی,شیائومی,1102736599,,کالای دیجیتال,موبایل,,,,,,
POCO X7 Pro 5G 512GB RAM 12GB مشکی,شیائومی,1107230973,,کالای دیجیتال,موبایل,,,,,,
POCO X7 Pro 5G 256GB RAM 8GB مشکی,شیائومی,1102044411,,کالای دیجیتال,موبایل,,,,,,
Poco C71 64GB RAM 3GB آبی,شیائومی,1108541872,,کالای دیجیتال,موبایل,,,https://drive.google.com/file/d/137kHjBwH4jWeSn-3Qnb-0ZI952lK2hWV/view?usp=drivesdk,,,
Poco C71 128GB RAM 4GB مشکی,شیائومی,1105093640,,کالای دیجیتال,موبایل,,,https://drive.google.com/file/d/137kHjBwH4jWeSn-3Qnb-0ZI952lK2hWV/view?usp=drivesdk,,,
Redmi 15C 256GB RAM 8GB مشکی,شیائومی,1107631468,,کالای دیجیتال,موبایل,,,https://drive.google.com/file/d/1eAz-LIzide3E3thQBzOHsohZ9dyr43ij/view?usp=drivesdk,,,
Poco C71 64GB RAM 3GB مشکی,شیائومی,1106753477,,کالای دیجیتال,موبایل,,,https://drive.google.com/file/d/137kHjBwH4jWeSn-3Qnb-0ZI952lK2hWV/view?usp=drivesdk,,,
Poco C85 256GB RAM 8GB مشکی,شیائومی,1108538475,,کالای دیجیتال,موبایل,,گوشی Poco C85 از برند شیائومی با حافظه داخلی 256 گیگابایت و رم 8 گیگابایت؛ مناسب ارتباط، استفاده روزمره و اجرای برنامه‌ها.,https://drive.google.com/file/d/1mvkFM1TU-SjdxUNJwi4Hd0aoyRp3Eku_/view?usp=drivesdk,,,
Redmi A5 128GB RAM 4GB طلایی,شیائومی,1104422758,,کالای دیجیتال,موبایل,,,https://drive.google.com/file/d/1Vp4dg5vhUmKNw5rYRcbR5clRoIhrXFle/view?usp=drivesdk,,,
POCO X7 5G 512GB RAM 12GB سبز,شیائومی,1108780735,,کالای دیجیتال,موبایل,,,,,,
Redmi Note 14S 512GB RAM 12GB مشکی,شیائومی,1107250342,,کالای دیجیتال,موبایل,,,,,,
Xiaomi 14T pro 5G 1T RAM 12GB خاکستری,شیائومی,1103059461,,کالای دیجیتال,موبایل,,,,,,
Redmi 14C 128GB RAM 6GB مشکی,شیائومی,1105183722,,کالای دیجیتال,موبایل,,,,,,
Redmi A5 128GB RAM 4GB مشکی,شیائومی,1108745576,,کالای دیجیتال,موبایل,,,https://drive.google.com/file/d/1Vp4dg5vhUmKNw5rYRcbR5clRoIhrXFle/view?usp=drivesdk,,,
Redmi A5 64GB RAM 3GB مشکی,شیائومی,1107705302,,کالای دیجیتال,موبایل,,,https://drive.google.com/file/d/1Vp4dg5vhUmKNw5rYRcbR5clRoIhrXFle/view?usp=drivesdk,,,
Redmi 15C 128GB RAM 4GB مشکی,شیائومی,1103965624,,کالای دیجیتال,موبایل,,,https://drive.google.com/file/d/1eAz-LIzide3E3thQBzOHsohZ9dyr43ij/view?usp=drivesdk,,,
Poco M7 Pro 5G 512GB RAM 12GB مشکی,شیائومی,1102798162,,کالای دیجیتال,موبایل,,,,,,
POCO M6 256GB RAM 8GB مشکی,شیائومی,1001017179,,کالای دیجیتال,موبایل,,,,,,
Redmi Note 15 Pro 256GB RAM 8GB مشکی,شیائومی,1105168984,,کالای دیجیتال,موبایل,,گوشی Redmi Note 15 Pro از برند شیائومی با حافظه داخلی 256 گیگابایت و رم 8 گیگابایت؛ مناسب ارتباط، استفاده روزمره و اجرای برنامه‌ها.,https://drive.google.com/file/d/1FlkhSVUk8WJh2_m0JANmGGGvqMF6OTRA/view?usp=drivesdk,,,
Redmi Note 15 256GB RAM 8GB مشکی,شیائومی,1109168101,,کالای دیجیتال,موبایل,,گوشی Redmi Note 15 از برند شیائومی با حافظه داخلی 256 گیگابایت و رم 8 گیگابایت؛ مناسب ارتباط، استفاده روزمره و اجرای برنامه‌ها.,https://drive.google.com/file/d/1RgwUgZ_UNr6XA-GcYUb03TB8B08xe5Du/view?usp=drivesdk,,,
ساعت هوشمند شیائومی مدل Xiaomi Redmi Watch 5 ACTIVE مشکی,شیائومی,1001021254,,کالای دیجیتال,اکسسوری,ساعت و مچ‌بند هوشمند,,,,,
Motorola MOTO G14 128GB RAM4 آبی,موتورولا,1001013185,,کالای دیجیتال,موبایل,,,,,,
Motorola MOTO G14 128GB RAM4 خاکستری,موتورولا,1001013186,,کالای دیجیتال,موبایل,,,,,,
Motorola MOTO G14 128GB RAM4 کرم,موتورولا,1001013187,,کالای دیجیتال,موبایل,,,,,,
Motorola MOTO G54 5G 256GB RAM8 آبی نیلی,موتورولا,1001013193,,کالای دیجیتال,موبایل,,,,,,
Motorola MOTO G54 5G 256GB RAM8 سبز,موتورولا,1001013190,,کالای دیجیتال,موبایل,,,,,,
Motorola MOTO G54 5G 256GB RAM8 سرمه ای,موتورولا,1001013189,,کالای دیجیتال,موبایل,,,,,,
Motorola MOTO G84 5G 256GB RAM12 ارغوانی,موتورولا,1001013183,,کالای دیجیتال,موبایل,,,,,,
Motorola MOTO G84 5G 256GB RAM12 سرمه ای,موتورولا,1001013182,,کالای دیجیتال,موبایل,,,,,,
Motorola RAZR 40 ULTRA 256GB RAM 8GB ابی,موتورولا,1001013390,,کالای دیجیتال,موبایل,,,,,,
Motorola RAZR 40 ULTRA 256GB RAM 8GB مشکی,موتورولا,1001013389,,کالای دیجیتال,موبایل,,,,,,
Realme 11 256GB RAM 8GB طلایی,ریلمی,1001012246,,کالای دیجیتال,موبایل,,,,,,
Realme 11 256GB RAM 8GB مشکی,ریلمی,1001011754,,کالای دیجیتال,موبایل,,,,,,
Realme 11 5G 256GB RAM 8GB طلایی,ریلمی,1001012478,,کالای دیجیتال,موبایل,,,,,,
Realme 11 Pro Plus 5G 512GB RAM 12GB سبز,ریلمی,1001011757,,کالای دیجیتال,موبایل,,,,,,
Realme 11 Pro Plus 5G 512GB RAM 12GB طلایی,ریلمی,1001011756,,کالای دیجیتال,موبایل,,,,,,
Realme 11 Pro Plus 5G 512GB RAM 12GB مشکی,ریلمی,1001012245,,کالای دیجیتال,موبایل,,,,,,
Realme C30s 64GB RAM 3GB ابی,ریلمی,1001012138,,کالای دیجیتال,موبایل,,,,,,
Realme C30s 64GB RAM 3GB مشکی,ریلمی,1001012137,,کالای دیجیتال,موبایل,,,,,,
Realme C51 128GB RAM 4GB سبز,ریلمی,1001011750,,کالای دیجیتال,موبایل,,,,,,
Realme C51 128GB RAM 4GB مشکی,ریلمی,1001011749,,کالای دیجیتال,موبایل,,,,,,
Realme C53 128GB RAM 6GB طلایی,ریلمی,1001011629,,کالای دیجیتال,موبایل,,,,,,
Realme C53 256GB RAM8GB طلایی,ریلمی,1001012919,,کالای دیجیتال,موبایل,,,,,,
Realme C53 256GB RAM8GB مشکی,ریلمی,1001012918,,کالای دیجیتال,موبایل,,,,,,
Realme C55 256GB RAM 8GB طلایی,ریلمی,1001012132,,کالای دیجیتال,موبایل,,,,,,
Realme C55 256GB RAM 8GB مشکی,ریلمی,1001011623,,کالای دیجیتال,موبایل,,,,,,
Realme C61 256GB RAM 8GB سبز,ریلمی,1001021952,,کالای دیجیتال,موبایل,,,,,,
Realme C61 256GB RAM 8GB طلایی,ریلمی,1001021953,,کالای دیجیتال,موبایل,,,,,,
Realme Note 50 64GB RAM 3GB مشکی,ریلمی,1001014833,,کالای دیجیتال,موبایل,,,,,,
Realme Note 60 128GB RAM 4GB مشکی,ریلمی,1105950903,,کالای دیجیتال,موبایل,,,,,,
NOKIA 3210 FA (مونتاژ ایران تحت لیسانس نوکیا) سامتل مشکی,نوکیا,1001021960,,کالای دیجیتال,موبایل,,,https://drive.google.com/file/d/1z7_Gzw1HMUZmTlMFxOgJpCBwWH2_KG7c/view?usp=drivesdk,,,
NOKIA 150 FA 2023 (مونتاژ ایران تحت لیسانس نوکیا) سامتل مشکی,نوکیا,1001021241,,کالای دیجیتال,موبایل,,,,,,
NOKIA 110 FA 2023 (مونتاژ ایران تحت لیسانس نوکیا) سامتل خاکستری,نوکیا,1001016811,,کالای دیجیتال,موبایل,,,,,,
NOKIA 150 FA 2023 (مونتاژ ایران تحت لیسانس نوکیا) سامتل آبی,نوکیا,1001021242,,کالای دیجیتال,موبایل,,,,,,
NOKIA 105 FA 2023 (مونتاژ ایران تحت لیسانس نوکیا) سامتل قرمز,نوکیا,1105095465,,کالای دیجیتال,موبایل,,,,,,
NOKIA 105 FA 2023 (مونتاژ ایران تحت لیسانس نوکیا) سامتل خاکستری,نوکیا,1001015290,,کالای دیجیتال,موبایل,,,,,,
NOKIA 106 FA 2023  (مونتاژ ایران تحت لیسانس نوکیا) سامتل خاکستری,نوکیا,1001016809,,کالای دیجیتال,موبایل,,,https://drive.google.com/file/d/1OxzhMUgdBK_OtPkVI0Od1eSPeasi76Zz/view?usp=drivesdk,,,
(مونتاژ ایران) NOKIA 106 FA مشکی,نوکیا,1001007934,,کالای دیجیتال,موبایل,,گوشی ساده نوکیا با کاربری آسان و طراحی جمع‌وجور؛ مناسب تماس، پیامک و استفاده روزمره.,https://drive.google.com/file/d/1OxzhMUgdBK_OtPkVI0Od1eSPeasi76Zz/view?usp=drivesdk,,,
Nokia 105 FA 2024 مونتاژ ایران تحت لیسانس نوکیا تلکام پارس,نوکیا,1109294491,,کالای دیجیتال,موبایل,,گوشی ساده نوکیا با کاربری آسان و طراحی جمع‌وجور؛ مناسب تماس، پیامک و استفاده روزمره.,https://drive.google.com/file/d/1zavRSNOlso79Bnu5qEyXVJcIBHE7Eaeu/view?usp=drivesdk,,,
Nokia 3210 FA 2024 مونتاژ ایران تحت لیسانس نوکیا تلکام پارس,نوکیا,1104377131,,کالای دیجیتال,موبایل,,گوشی ساده نوکیا با کاربری آسان و طراحی جمع‌وجور؛ مناسب تماس، پیامک و استفاده روزمره.,https://drive.google.com/file/d/1z7_Gzw1HMUZmTlMFxOgJpCBwWH2_KG7c/view?usp=drivesdk,,,
Nokia 110 FA 2024 مونتاژ ایران تحت لیسانس نوکیا تلکام پارس,نوکیا,1105995030,,کالای دیجیتال,موبایل,,گوشی ساده نوکیا با کاربری آسان و طراحی جمع‌وجور؛ مناسب تماس، پیامک و استفاده روزمره.,https://drive.google.com/file/d/1dIl0MMU3uJJs_qB1CFSfy4jlOvncqnT2/view?usp=drivesdk,,,
Honor 400 5G 256GB RAM 12 GB + بیمه مشکی,آنر,1109568284,,کالای دیجیتال,موبایل,,,https://drive.google.com/file/d/1_1fDEx2NtkwKn8a3zQgYcW81xfhTu_Ra/view?usp=drivesdk,,,
Honor 400 5G 512GB RAM 12GB + بیمه مشکی,آنر,1105298994,,کالای دیجیتال,موبایل,,,https://drive.google.com/file/d/1_1fDEx2NtkwKn8a3zQgYcW81xfhTu_Ra/view?usp=drivesdk,,,
Honor X7D 256GB RAM 8GB + بیمه طلایی,آنر,1102310148,,کالای دیجیتال,موبایل,,,,,,
Honor X7D 256GB RAM 8GB + بیمه مشکی,آنر,1104025686,,کالای دیجیتال,موبایل,,,,,,
Honor Play10 128GB RAM 4GB + بیمه مشکی,آنر,1104660164,,کالای دیجیتال,موبایل,,,https://drive.google.com/file/d/1BR8efkoAXwKqh5MKt9DjiQSPOBPeZABZ/view?usp=drivesdk,,,
Honor X6C 128GB RAM 6GB + بیمه مشکی,آنر,1103031724,,کالای دیجیتال,موبایل,,,https://drive.google.com/file/d/1J4ff-uulkZXJyJR_qgEEIyqku2e9u3Ak/view?usp=drivesdk,,,
Honor X5C 64GB RAM 4GB + بیمه مشکی,آنر,1108421884,,کالای دیجیتال,موبایل,,,,,,
Honor X6C 256GB RAM 6GB + بیمه مشکی,آنر,1104935521,,کالای دیجیتال,موبایل,,,https://drive.google.com/file/d/1J4ff-uulkZXJyJR_qgEEIyqku2e9u3Ak/view?usp=drivesdk,,,
HONOR X9C Smart 5G 256GB RAM 12GB + بیمه سفید,آنر,1106313609,,کالای دیجیتال,موبایل,,,,,,
HONOR 200 Lite 5G 256GB RAM 12GB + بیمه مشکی,آنر,1105725780,,کالای دیجیتال,موبایل,,,,,,
HONOR 200 Lite 5G 256GB RAM 12GB + بیمه آبی روشن,آنر,1104266307,,کالای دیجیتال,موبایل,,,,,,
HONOR X9C Smart 5G 256GB RAM 12GB + بیمه فیروزه ای,آنر,1101927201,,کالای دیجیتال,موبایل,,,,,,
لپ تاپ 15.6 اینچی ایسوس مدل Asus Vivobook F1504VA NJ2032 i5 1334U 8GB DDR4 512GB SSD نقره ای,ایسوس,1108700679,,کالای دیجیتال,لپ تاپ,,,,,,
لپ تاپ 15.6 اینچی ایسوس مدل Asus Vivobook F1504VA NJ824 i7 1355U 16GB DDR4 512GB SSD کاستوم نقره ای,ایسوس,1107589767,,کالای دیجیتال,لپ تاپ,,,,,,
لپ تاپ 15.6 اینچی ایسوس مدل Asus Vivobook X1504VA NJ451 i3 1315U 8GB DDR4 512GB SSD کاستوم سرمه ای,ایسوس,1104419954,,کالای دیجیتال,لپ تاپ,,,,,,
لپ تاپ 15.6 اینچی ایسوس مدل Asus Vivobook F1504VA NJ824 i7 1355U 8GB DDR4 512GB SSD نقره ای,ایسوس,1103570631,,کالای دیجیتال,لپ تاپ,,,,,,
لپ تاپ 15.6 اینچی ایسوس مدل Asus Vivobook F1504VA NJ824 i7 1355U 24GB DDR4 512GB SSD کاستوم نقره ای,ایسوس,1106699536,,کالای دیجیتال,لپ تاپ,,,,,,
لپ تاپ ۱۷.۳ اینچی ایسوس مدل Asus Vivobook X1704VA AU247 i7 1355U 16GB DDR4 1TB SSD WV سرمه ای,ایسوس,1102676070,,کالای دیجیتال,لپ تاپ,,,,,,
لپ تاپ 15.6 اینچی ایسوس مدل Asus Vivobook 15 F1504VA NJ1213 i3 1315U 4GB DDR4 256GB SSD سرمه ای,ایسوس,1101450346,,کالای دیجیتال,لپ تاپ,,,,,,
لپ تاپ ۱۷.۳ اینچی ایسوس مدل Asus Vivobook X1704VA AU246 i7 1355U 16GB DDR4 512GB SSD WV سرمه ای,ایسوس,1107512108,,کالای دیجیتال,لپ تاپ,,,,,,
لپ تاپ 16 اینچی ایسوس مدل Asus TUF Gaming F16 FX608JHR RV005 i7 14650HX 16GB 512GB SSD 8GB RTX5050 WUXGA خاکستری,ایسوس,1105875281,,کالای دیجیتال,لپ تاپ,,,,,,
لپ تاپ 16 اینچی ایسوس مدل Asus Vivobook M1605YA MB345 R7 7730U 8GB DDR4 512GB SSD WV مشکی,ایسوس,1107768876,,کالای دیجیتال,لپ تاپ,,,,,,
لپ تاپ ۱۷.۳ اینچی ایسوس مدل Asus Vivobook X1704VA AU245 i5 1335U 16GB DDR4 1TB SSD سرمه ای,ایسوس,1101083185,,کالای دیجیتال,لپ تاپ,,,,,,
لپ تاپ ۱۷.۳ اینچی ایسوس مدل Asus Vivobook X1704VA AU244 i5 1335U 16GB DDR4 512GB SSD سرمه ای,ایسوس,1107689321,,کالای دیجیتال,لپ تاپ,,,,,,
لپ تاپ ایسوس مدل Asus Vivobook A1504V Core-i3-1315u—4GB-DDR4-256GB-SSD-15.6FHD l سرمه ای (ًQuiet Blue),ایسوس,1001015002,,کالای دیجیتال,لپ تاپ,,,,,,
لپ تاپ 16 اینچی ایسوس مدل Asus TUF Gaming F16 FX608JHR RV001W i7 14650HX 16GB 1TB SSD 8GB RTX5050 WUXGA Win خاکستری,ایسوس,1109556584,,کالای دیجیتال,لپ تاپ,,,,,,
لپ تاپ ایسوس 15.6 اینچی مدل ASUS Vivobook 15 F1504VA i5 1335U 12GB 512GB INTEL FHD نقره ای,ایسوس,1001021628,,کالای دیجیتال,لپ تاپ,,,,,,
لپ تاپ 14 اینچی ایسوس مدل ASUS E410KA Celeron N4500 4GB 64 + 256 SSD 14 INCH مشکی,ایسوس,1109295599,,کالای دیجیتال,لپ تاپ,,,,,,
لپ تاپ 15.6 اینچی ایسوس مدل Asus X1504VA Vivobook NJ123W i5 1335U 8GB DDR4 512GB SSD Win سرمه ای,ایسوس,1105030836,,کالای دیجیتال,لپ تاپ,,,,,,
لپ تاپ 16 اینچی ایسوس مدل Asus TUF Gaming A16 FA608UH RV018 R7 260 16GB 512GB SSD 8GB RTX5050 WUXGA رنگ خاکستری,ایسوس,1104249014,,کالای دیجیتال,لپ تاپ,,,,,,
لپ تاپ 15.6 اینچی ایسوس مدل Asus TUF Gaming A15 FA506NCR HN027 R7 7435HS 16GB DDR5 512GB SSD 4GB RTX3050 WV مشکی,ایسوس,1105251115,,کالای دیجیتال,لپ تاپ,,,,,,
لپ تاپ 16 اینچی ایسوس مدل Asus TUF Gaming F16 FX607VU RL089 Core 5 210H 16GB DDR5 512GB SSD 6GB RTX4050 خاکستری,ایسوس,1101685865,,کالای دیجیتال,لپ تاپ,,,,,,
لپ تاپ 16 اینچی ایسوس مدل Asus TUF Gaming F16 FX607VJ RL805W Core 5 210H 8GB DDR4 512GB SSD 6GB RTX3050 WV Win خاکستری,ایسوس,1106699661,,کالای دیجیتال,لپ تاپ,,,,,,
لپ تاپ 16 اینچی ایسوس مدل Asus TUF Gaming F16 FX607VU RL084AR i7 13620H 16GB DDR5 1TB SSD 6GB RTX4050 کاستوم خاکستری,ایسوس,1101954262,,کالای دیجیتال,لپ تاپ,,,,,,
لپ تاپ 15.6 اینچی ایسوس مدل Asus Vivobook X1504VA NJ725 i3 1315U 8GB DDR4 512GB SSD نقره ای,ایسوس,1105169666,,کالای دیجیتال,لپ تاپ,,,,,,
لپ تاپ 15.6 اینچی ایسوس مدل Asus Vivobook X1504VA NJ104 i5 1335U 8GB DDR4 512GB SSD نقره ای,ایسوس,1001018247,,کالای دیجیتال,لپ تاپ,,,,,,
لپ تاپ 16 اینچی ایسوس مدل Asus TUF Gaming F16 FX607VU RL084AR i7 13620H 16GB DDR5 512GB SSD 6GB RTX4050 خاکستری,ایسوس,1105980266,,کالای دیجیتال,لپ تاپ,,,,,,
لپ تاپ 16 اینچی ایسوس مدل Asus TUF Gaming F16 FX607VJ RL805W Core 5 210H 16GB DDR4 512GB SSD 6GB RTX3050 WV Win کاستوم خاکستری,ایسوس,1109780815,,کالای دیجیتال,لپ تاپ,,,,,,
لپ تاپ 15.6 اینچی ایسوس مدل Asus Vivobook R1502VA BQ1028 i7 13620H 16GB DDR4 1TB SSD WV رنگ سرمه ای,ایسوس,1108817674,,کالای دیجیتال,لپ تاپ,,,,,,
لپ تاپ 14 اینچی ایسوس مدل Asus Zenbook UX3405CA PZ252W Ultra 9 285H 16GB LPDDR5X 1TB SSD OLED Touch Win رنگ سرمه ای,ایسوس,1102459787,,کالای دیجیتال,لپ تاپ,,,,,,
لپ تاپ 15.6 اینچی ایسوس مدل ASUS TUF Gaming FA506NFR HN030 R7 7435HS 16GB DDR5 512GB SSD 4GB RTX2050 WV رنگ مشکی,ایسوس,1102351166,,کالای دیجیتال,لپ تاپ,,,,,,
لپ تاپ 15.6 اینچی ایسوس مدل Asus Vivobook X1504VA NJ816 i3 1315U 4GB DDR4 512GB SSD رنگ سرمه ای,ایسوس,1001018241,,کالای دیجیتال,لپ تاپ,,,,,,
لپ تاپ 15.6 اینچی ایسوس مدل Asus Vivobook F1504VA NJ1214 i3 1315U 8GB DDR4 256GB SSD رنگ سرمه ای,ایسوس,1105004864,,کالای دیجیتال,لپ تاپ,,,,,,
لپ تاپ 15.6 اینچی ایسوس مدل Asus TUF Gaming A15 FA506NCG HN191 R7 7445HS 16GB DDR5 512GB SSD 4GB RTX3050 WV رنگ مشکی گرافیت,ایسوس,1103560214,,کالای دیجیتال,لپ تاپ,,,,,,
لپ تاپ 15.6 اینچی ایسوس مدل Asus Expertbook B1503CVA I78512B4D i7 13620H 16GB DDR5 512GB SSD WV کاستوم رنگ خاکستری,ایسوس,1106000125,,کالای دیجیتال,لپ تاپ,,,,,,
لپ تاپ 15.6 اینچی ایسوس مدل Asus Expertbook B1503CVA I78512B4D i7 13620H 8GB DDR5 1TB SSD WV کاستوم رنگ خاکستری,ایسوس,1102702747,,کالای دیجیتال,لپ تاپ,,,,,,
لپ تاپ 15.6 اینچی ایسوس مدل Asus Expertbook B1503CVA I78512B4D i7 13620H 8GB DDR5 512GB SSD WV رنگ خاکستری,ایسوس,1101068998,,کالای دیجیتال,لپ تاپ,,,,,,
لپ تاپ 16 اینچی ایسوس مدل Asus TUF Gaming F16 FX607VU RL106 i7 13620H 16GB DDR5 512GB SSD 6GB RTX4050 رنگ خاکستری,ایسوس,1104750199,,کالای دیجیتال,لپ تاپ,,,,,,
لپ تاپ 16 اینچی ایسوس مدل Asus TUF Gaming F16 FX607VJ RL016 Core 5 210H 16GB DDR4 512GB SSD 6GB RTX3050 IPS کاستوم رنگ خاکستری,ایسوس,1103321383,,کالای دیجیتال,لپ تاپ,,,,,,
لپ تاپ 16 اینچی ایسوس مدل Asus TUF Gaming F16 FX607VJ RL016 Core 5 210H 8GB DDR4 512GB SSD 6GB RTX3050 IPS رنگ خاکستری,ایسوس,1104988953,,کالای دیجیتال,لپ تاپ,,,,,,
لپ تاپ 15.6 اینچی ایسوس مدل Asus Expertbook P1503CVA I78512B5D i7 13620H 8GB DDR5 512GB SSD رنگ خاکستری,ایسوس,1105703487,,کالای دیجیتال,لپ تاپ,,,,,,
لپ تاپ 15.6 اینچی ایسوس مدل Asus Vivobook F1504VA NJ081 Core 5 120U 8GB DDR4 512GB SSD رنگ نقره ای,ایسوس,1103237585,,کالای دیجیتال,لپ تاپ,,,,,,
لپ تاپ 15.6 اینچی ایسوس مدل Asus Vivobook 15 F1504VA NJ1213 i3 1315U 4GB DDR4 256GB SSD رنگ سرمه ای,ایسوس,1105280801,,کالای دیجیتال,لپ تاپ,,,,,,
لپ تاپ 15.6 اینچی ایسوس مدل Asus Expertbook P1503CVA I58512G9D i5 13420H 8GB DDR5 512GB SSD IPS رنگ خاکستری,ایسوس,1102329440,,کالای دیجیتال,لپ تاپ,,,,,,
لپ تاپ 15.6 اینچی ایسوس مدل Asus Expertbook P1503CVA I78512B9D i7 13620H 8GB DDR5 512GB SSD IPS رنگ خاکستری,ایسوس,1107443588,,کالای دیجیتال,لپ تاپ,,,,,,
لپ تاپ 15.6 اینچی ایسوس مدل Asus TUF Gaming A15 FA506NCG HN807W R7 7445HS 16GB DDR5 512GB SSD 4GB RTX3050 WV Win کاستوم,ایسوس,1104487039,,کالای دیجیتال,لپ تاپ,,,,,,
لپ تاپ 15.6 اینچی ایسوس مدل Asus Vivobook F1504VA Nj3631 i3 1315U 8GB DDR4 512GB SSD رنگ نقره ای,ایسوس,1104925516,,کالای دیجیتال,لپ تاپ,,,,,,
لپ تاپ 16 اینچی ایسوس مدل Asus TUF Gaming F16 FX608JMR F16I75060 i7 14650HX 32GB 1TB SSD 8GB RTX5060 WV Win رنگ خاکستری,ایسوس,1102378294,,کالای دیجیتال,لپ تاپ,,,,,,
لپ تاپ 16 اینچی ایسوس مدل Asus TUF Gaming F16 FX607VU RL007W i7 13620H 16GB DDR5 512GB SSD 6GB RTX4050 Win رنگ خاکستری,ایسوس,1105897047,,کالای دیجیتال,لپ تاپ,,,,,,
لپ تاپ 15.6 اینچی ایسوس مدل Asus TUF Gaming FX507ZC ES53 i5 12500H 16GB 512GB SSD 4GB RTX3050 WV رنگ خاکستری,ایسوس,1106383121,,کالای دیجیتال,لپ تاپ,,,,,,
لپ تاپ 16 اینچی ایسوس مدل Asus Vivobook K3605VC RP379 i5 13420H 24GB DDR4 512GB SSD 4GB RTX3050 WV کاستوم رنگ مشکی,ایسوس,1109400293,,کالای دیجیتال,لپ تاپ,,,,,,
لپ تاپ 16 اینچی ایسوس مدل Asus Vivobook K3605VC RP379 i5 13420H 16GB DDR4 512GB SSD 4GB RTX3050 WV رنگ مشکی,ایسوس,1109106311,,کالای دیجیتال,لپ تاپ,,,,,,
لپ تاپ 15.6 اینچی ایسوس مدل Asus Vivobook X1504VA NJ816 i3 1315U 8GB DDR4 512GB SSD کاستوم رنگ سرمه ای,ایسوس,1103163723,,کالای دیجیتال,لپ تاپ,,,,,,
لپ تاپ 15.6 اینچی ایسوس مدل Asus Vivobook A1502VA NJ1303 i5 13420H 16GB DDR4 512GB SSD رنگ سرمه ای,ایسوس,1108767427,,کالای دیجیتال,لپ تاپ,,,,,,
لپ تاپ 14 اینچی ایسوس مدل Asus Vivobook Go E410KA CL464 N4500 4GB DDR4 64GB SSD Win رنگ مشکی,ایسوس,1103995906,,کالای دیجیتال,لپ تاپ,,,,,,
لپ تاپ 16 اینچی ایسر مدل Acer Aspire Lite AL16 52P 59QU i5 1334U 16GB DDR5 512GB SSD IPS رنگ نقره‌ای,ایسوس,1106829332,,کالای دیجیتال,لپ تاپ,,,,,,
لپ تاپ 16 اینچی ایسوس مدل Asus Vivobook M1605YA MB134 R7 7730U 24GB DDR4 512GB SSD WV کاستوم رنگ مشکی,ایسوس,1102602723,,کالای دیجیتال,لپ تاپ,,,,,,
لپ تاپ 16 اینچی ایسوس مدل Asus Vivobook M1605YA MB134 R7 7730U 16GB DDR4 512GB SSD WV رنگ مشکی,ایسوس,1106207974,,کالای دیجیتال,لپ تاپ,,,,,,
لپ تاپ 15.6 اینچی ایسوس مدل Asus TUF Gaming A15 FA506NCG HN191 R7 7445HS 16GB DDR5 1TB SSD 4GB RTX3050 WV کاستوم رنگ مشکی گرافیت,ایسوس,1109810328,,کالای دیجیتال,لپ تاپ,,,,,,
لپ تاپ 15.6 اینچی ایسوس مدل Asus TUF Gaming A15 FA506NCG HN191 R7 7445HS 16GB DDR5 512GB SSD 4GB RTX3050 WV رنگ مشکی گرافیت,ایسوس,1103058569,,کالای دیجیتال,لپ تاپ,,,,,,
لپ تاپ 15.6 اینچی ایسوس مدل Asus Vivobook X1504VA BQ3988 Core 7 150U 8GB DDR4 512GB SSD WV رنگ نقره ای,ایسوس,1108398503,,کالای دیجیتال,لپ تاپ,,,,,,
لپ تاپ 15.6 اینچی ایسوس مدل Asus Vivobook X1504VA BQ592 Core 5 120U 8GB DDR4 512GB SSD WV رنگ نقره ای,ایسوس,1102438735,,کالای دیجیتال,لپ تاپ,,,,,,
لپ تاپ 15.6 اینچی ایسوس مدل Asus Vivobook X1504VA NJ379 i7 1355U 16GB DDR4 512GB SSD کاستوم رنگ نقره ای,ایسوس,1102361153,,کالای دیجیتال,لپ تاپ,,,,,,
لپ تاپ 15.6 اینچی ایسوس مدل Asus Vivobook X1504VA NJ379 i7 1355U 12GB DDR4 512GB SSD کاستوم رنگ نقره ای,ایسوس,1102768761,,کالای دیجیتال,لپ تاپ,,,,,,
لپ تاپ 16 اینچی ایسر مدل Acer Aspire Lite AL16 54P 37J9 i3 1305U 8GB DDR5 512GB SSD IPS کاستوم رنگ نقره ای,ایسوس,1109909142,,کالای دیجیتال,لپ تاپ,,,,,,
لپ تاپ 16 اینچی ایسر مدل Acer Aspire Lite AL16 52P 52JZ i5 1334U 16GB DDR5 1TB SSD IPS کاستوم رنگ نقره ای,ایسوس,1104716528,,کالای دیجیتال,لپ تاپ,,,,,,
لپ تاپ 15.6 اینچی ایسوس مدل Asus Vivobook X1504VA NJ2920 Core 5 120U 16GB DDR4 512GB SSD کاستوم رنگ نقره ای,ایسوس,1103455888,,کالای دیجیتال,لپ تاپ,,,,,,
لپ تاپ 15.6 اینچی ایسوس مدل Asus Vivobook X1504VA NJ2920 Core 5 120U 16GB DDR4 1TB SSD کاستوم رنگ نقره ای,ایسوس,1101905215,,کالای دیجیتال,لپ تاپ,,,,,,
لپ تاپ 16 اینچی ایسوس مدل Asus Vivobook M1605YA MB539 R5 7430U 16GB DDR4 512GB SSD WV کاستوم رنگ مشکی,ایسوس,1101599410,,کالای دیجیتال,لپ تاپ,,,,,,
لپ تاپ 16 اینچی ایسوس مدل Asus Vivobook M1605YA MB539 R5 7430U 8GB DDR4 512GB SSD WV رنگ مشکی,ایسوس,1104105903,,کالای دیجیتال,لپ تاپ,,,,,,
لپ تاپ 15.6 اینچی ایسوس مدل Asus Vivobook 15 F1504VA BQ3661 i3 1315U 4GB DDR4 512GB SSD WV رنگ نقره ای,ایسوس,1109885552,,کالای دیجیتال,لپ تاپ,,,,,,
لپ تاپ 15.6 اینچی ایسوس مدل Asus Vivobook 15 F1504VA BQ3661 i3 1315U 8GB DDR4 512GB SSD WV کاستوم رنگ نقره ای,ایسوس,1103139919,,کالای دیجیتال,لپ تاپ,,,,,,
لپ تاپ 15.6 اینچی ایسوس مدل Asus Vivobook P1504CV NJ261 Core 5 120U 16GB DDR4 1TB SSD رنگ نقره ای,ایسوس,1107159924,,کالای دیجیتال,لپ تاپ,,,,,,
لپ تاپ 15.6 اینچی ایسوس مدل Asus Vivobook X1504VA NJ2920 Core 5 120U 8GB DDR4 512GB SSD رنگ نقره ای,ایسوس,1107488187,,کالای دیجیتال,لپ تاپ,,,,,,
لپ تاپ 15.6 اینچی لنوو مدل Lenovo IdeaPad Slim 3 15IRU8 i3 1315U 8GB LPDDR5 256GB SSD خاکستری,لنوو,1103545232,,کالای دیجیتال,لپ تاپ,,,,,,
لپ تاپ 15.6 اینچی لنوو مدل Lenovo LOQ 15IRX9 i5 13450HX 24GB DDR5 512GB SSD 6GB RTX3050 IPS خاکستری,لنوو,1106717394,,کالای دیجیتال,لپ تاپ,,,,,,
لپ تاپ لنوو مدل LENOVO IP3 slim 3 15IRU8 i3-1305U-8GB DDR5-256GB-SSD-INTEGRATEd-15.6FHD خاکستری(Arctic Grey),لنوو,1001013722,,کالای دیجیتال,لپ تاپ,,,,,,
لپ تاپ 15.6 اینچی لنوو مدل Lenovo LOQ 15IAX9E i5 12450HX 16GB DDR5 512GB SSD 6GB RTX3050 Win خاکستری,لنوو,1104521677,,کالای دیجیتال,لپ تاپ,,,,,,
لپ تاپ 15.6 اینچی لنوو مدل Lenovo LOQ 15IAX9E i5 12450HX 16GB DDR5 512GB SSD 4GB RTX2050 Win کاستوم خاکستری,لنوو,1107966364,,کالای دیجیتال,لپ تاپ,,,,,,
لپ تاپ 15.6 اینچی لنوو مدل Lenovo LOQ 15IAX9E i5 12450HX 12GB DDR5 512GB SSD 4GB RTX2050 Win رنگ خاکستری,لنوو,1107985829,,کالای دیجیتال,لپ تاپ,,,,,,
لپ تاپ 15.6 اینچی لنوو مدل Lenovo V15 G4 AMN R5 7520U 8GB LPDDR5 1TB SSD مشکی,لنوو,1101386857,,کالای دیجیتال,لپ تاپ,,,,,,
لپ تاپ 15.6 اینچی لنوو مدل Lenovo V15 G4 AMN R5 7520U 8GB LPDDR5 512GB SSD مشکی,لنوو,1101932613,,کالای دیجیتال,لپ تاپ,,,,,,
لپ تاپ 15.6 اینچی لنوو مدل Lenovo V15 G4 ABP R7 7730U 16GB DDR4 1TB SSD مشکی,لنوو,1109004841,,کالای دیجیتال,لپ تاپ,,,,,,
لپ تاپ 15.6 اینچی لنوو مدل Lenovo V15 G4 ABP R7 7730U 16GB DDR4 512GB SSD مشکی,لنوو,1001018267,,کالای دیجیتال,لپ تاپ,,,,,,
لپ تاپ 15.6 اینچی لنوو مدل Lenovo IdeaPad Slim 3 15IRH8 i5 13420H 8GB LPDDR5 512GB SSD IPS خاکستری,لنوو,1001018632,,کالای دیجیتال,لپ تاپ,,,,,,
لپ تاپ 15.6 اینچی لنوو مدل Lenovo V15 G4 IRU i5 13420H 16GB DDR4 512GB SSD مشکی,لنوو,1001017500,,کالای دیجیتال,لپ تاپ,,,,,,
لپ تاپ 14 اینچی لنوو مدل Lenovo IdeaPad 5 2in1 14IRH9 i5 13420H 16GB LPDDR5x 512GB SSD Touch Backlit رنگ خاکستری,لنوو,1107201150,,کالای دیجیتال,لپ تاپ,,,,,,
لپ تاپ لنوو مدل LENOVO THINKBOOK 16 R5 7430U 16G 512G SSD 2G(780m) رنگ نقره ای,لنوو,1001021884,,کالای دیجیتال,لپ تاپ,,,,,,
لپ تاپ 15.6 اینچی لنوو مدل Lenovo IdeaPad 1 15IJL7 N4500 8GB DDR4 256GB SSD رنگ خاکستری,لنوو,1101614255,,کالای دیجیتال,لپ تاپ,,,,,,
لپ تاپ 15.6 اینچی لنوو مدل Lenovo IdeaPad 1 15IJL7 N4500 16GB DDR4 512GB SSD رنگ خاکستری,لنوو,1107887829,,کالای دیجیتال,لپ تاپ,,,,,,
لپ تاپ 15.6 اینچی لنوو مدل Lenovo LOQ 15IRX9 i7 13650HX 16GB DDR5 1TB SSD 6GB RTX4050 IPS Win رنگ خاکستری,لنوو,1106443161,,کالای دیجیتال,لپ تاپ,,,,,,
لپ تاپ 15.3 اینچی لنوو مدل Lenovo IdeaPad Slim 3 15IRH10 i7 13620H 20GB DDR5 1TB SSD IPS کاستوم رنگ خاکستری,لنوو,1109335188,,کالای دیجیتال,لپ تاپ,,,,,,
لپ تاپ 15.6 اینچی لنوو مدل Lenovo LOQ 15IRX9 i7 13650HX 24GB RAM 512GB SSD 6GB RTX4050 رنگ خاکستری,لنوو,1101364448,,کالای دیجیتال,لپ تاپ,,,,,,
لپ تاپ 15.6 اینچی لنوو مدل Lenovo LOQ 15IRX9 i7 13650HX 24GB DDR5 512GB SSD 6GB RTX3050 IPS رنگ خاکستری,لنوو,1101160160,,کالای دیجیتال,لپ تاپ,,,,,,
لپ تاپ 15.3 اینچی لنوو مدل Lenovo IdeaPad Slim 3 15IRH10 i7 13620H 16GB DDR5 512GB SSD IPS کاستوم رنگ خاکستری,لنوو,1104231667,,کالای دیجیتال,لپ تاپ,,,,,,
لپ تاپ 15.3 اینچی لنوو مدل Lenovo IdeaPad Slim 3 15IRH10 i7 13620H 8GB DDR5 512GB SSD IPS رنگ خاکستری,لنوو,1107181172,,کالای دیجیتال,لپ تاپ,,,,,,
لپ تاپ 15.6 اینچی لنوو مدل Lenovo V15 G4 IRU i3 1315U 8GB DDR4 256GB SSD رنگ مشکی,لنوو,1101507245,,کالای دیجیتال,لپ تاپ,,,,,,
لپ تاپ 15.6 اینچی لنوو مدل Lenovo V15 G4 IRU i5 13420H 8GB DDR4 512GB SSD رنگ خاکستری,لنوو,1102325363,,کالای دیجیتال,لپ تاپ,,,,,,
لپ تاپ 15.6 اینچی لنوو مدل Lenovo V15 G4 IRU i7 13620H 16GB DDR4 512GB SSD رنگ خاکستری,لنوو,1107779261,,کالای دیجیتال,لپ تاپ,,,,,,
لپ تاپ لنوو 15.6 اینچی مدل LENOVO LOQ i5 12450HX 16GB 512GBSSD RTX3050 6GB رنگ خاکستری,لنوو,1001019578,,کالای دیجیتال,لپ تاپ,,,,,,
لپ تاپ 15.6 اینچی لنوو مدل Lenovo LOQ 15IAX9E i5 12450HX 16GB DDR5 512GB SSD 4GB RTX2050 IPS Backlit رنگ خاکستری,لنوو,1108476849,,کالای دیجیتال,لپ تاپ,,,,,,
لپ تاپ 15.6 اینچی لنوو مدل Lenovo IdeaPad Slim 3 15IRH8 i7 13620H 16GB LPDDR5 512GB SSD IPS Backlit رنگ خاکستری,لنوو,1107709679,,کالای دیجیتال,لپ تاپ,,,,,,
لپ تاپ 15.6 اینچی لنوو مدل Lenovo IdeaPad Slim 3 15IRU8 i3 1315U 8GB LPDDR5 512GB SSD رنگ خاکستری,لنوو,1103267752,,کالای دیجیتال,لپ تاپ,,,,,,
لپ تاپ 15.6 اینچی لنوو مدل Lenovo IdeaPad 1 15IJL7 N4500 8GB DDR4 512GB SSD کاستوم رنگ خاکستری,لنوو,1108970772,,کالای دیجیتال,لپ تاپ,,,,,,
لپ تاپ 15.6 اینچی لنوو مدل Lenovo IdeaPad Slim 3 15IRH8 i5 13420H 8GB LPDDR5 512GB SSD IPS Backlit رنگ خاکستری,لنوو,1104337973,,کالای دیجیتال,لپ تاپ,,,,,,
لپ تاپ 15.6 اینچی لنوو مدل Lenovo IdeaPad 1 15AMN7 R3 7320U 8GB LPDDR5 256GB SSD رنگ خاکستری,لنوو,1105337304,,کالای دیجیتال,لپ تاپ,,,,,,
لپ تاپ 15.6 اینچی لنوو مدل Lenovo IdeaPad 1 15AMN7 R3 7320U 8GB LPDDR5 512GB SSD رنگ خاکستری,لنوو,1105538861,,کالای دیجیتال,لپ تاپ,,,,,,
لپ تاپ 16 اینچی لنوو مدل Lenovo ThinkBook 16 G6 IRL i3 1315U 8GB DDR5 512GB SSD IPS Backlit رنگ خاکستری,لنوو,1106936338,,کالای دیجیتال,لپ تاپ,,,,,,
لپ تاپ 15.6 اینچی لنوو مدل Lenovo LOQ 15IRX10 i5 13450HX 16GB DDR5 512GB SSD 8GB RTX5050 IPS Win رنگ خاکستری,لنوو,1106110982,,کالای دیجیتال,لپ تاپ,,,,,,
لپ تاپ 16 اینچی لنوو مدل Lenovo IdeaPad Slim 3 16IRH10 i5 13420H 8GB 512GB SSD IPS خاکستری,لنوو,1107171834,,کالای دیجیتال,لپ تاپ,,,,,,
لپ تاپ 15.6 اینچی اچ پی مدل HP Victus Gaming FA2013DX i5 13420H 16GB DDR۴ 512GB SSD 6GB RTX 3050 IPS Win کاستوم خاکستری,اچ پی,1109550064,,کالای دیجیتال,لپ تاپ,,,,,,
لپ تاپ 15.6 اینچی اچ پی مدل HP Victus Gaming FA2013DX i5 13420H 24GB DDR۴ 512GB SSD 6GB RTX 3050 IPS Win کاستوم خاکستری,اچ پی,1103423636,,کالای دیجیتال,لپ تاپ,,,,,,
لپ تاپ 15.6 اینچی اچ پی مدل HP Victus Gaming FA2013DX i5 13420H 8GB DDR۴ 512GB SSD 6GB RTX 3050 IPS Win خاکستری,اچ پی,1108085118,,کالای دیجیتال,لپ تاپ,,,,,,
لپ تاپ 15.6 اینچی اچ پی مدل HP Victus Gaming 15 FB3093DX R7 7445HS 16GB DDR5 512GB SSD 6GB RTX4050 IPS Win خاکستری,اچ پی,1103839062,,کالای دیجیتال,لپ تاپ,,,,,,
لپ تاپ 15.6 اینچی اچ پی مدل HP 15 FC0171NIA Athlon 7120U 8GB LPDDR5 512GB SSD کاستوم نقره ای,اچ پی,1108145530,,کالای دیجیتال,لپ تاپ,,,,,,
لپ تاپ 15.6 اینچی اچ پی مدل HP 15 FC0171NIA Athlon 7120U 8GB LPDDR5 256GB SSD نقره ای,اچ پی,1106131776,,کالای دیجیتال,لپ تاپ,,,,,,
لپ تاپ 14 اینچی اچ پی مدل HP OmniBook 5 Flip 14 fp0023dx Core 7 150U 16GB LPDDR5 512GB SSD Touch Win رنگ نقره ای,اچ پی,1108208924,,کالای دیجیتال,لپ تاپ,,,,,,
لپ تاپ 15.6 اینچی اچ پی مدل HP 255 G10 R7 7730U 8GB DDR4 512GB SSD رنگ نقره ای,اچ پی,1105340816,,کالای دیجیتال,لپ تاپ,,,,,,
لپ تاپ 15.6 اینچی اچ پی مدل HP 255 G10 R7 7730U 24GB DDR4 512GB SSD کاستوم رنگ نقره ای,اچ پی,1101166438,,کالای دیجیتال,لپ تاپ,,,,,,
لپ تاپ 15.6 اینچی اچ پی مدل HP 255 G10 R7 7730U 16GB DDR4 512GB SSD کاستوم رنگ نقره ای,اچ پی,1109814356,,کالای دیجیتال,لپ تاپ,,,,,,
لپ تاپ 15.6 اینچی اچ پی مدل HP Victus Gaming 15 FA2082WM i5 13420H 32GB DDR۴ 1TB SSD 6GB RTX 4050 IPS Win کاستوم رنگ خاکستری,اچ پی,1107779618,,کالای دیجیتال,لپ تاپ,,,,,,
لپ تاپ 15.6 اینچی اچ پی مدل HP Victus Gaming 15 FA2082WM i5 13420H 16GB DDR۴ 512GB SSD 6GB RTX 4050 IPS Win رنگ خاکستری,اچ پی,1108882687,,کالای دیجیتال,لپ تاپ,,,,,,
لپ تاپ 16 اینچی ایسر مدل Acer Aspire Lite AL16 52P 32E3 i3 1305U 16GB DDR5 512GB SSD IPS کاستوم نقره ای,ایسر,1107866089,,کالای دیجیتال,لپ تاپ,,,,,,
لپ تاپ 16 اینچی ایسر مدل Acer Aspire Lite AL16 52P 32E3 i3 1305U 8GB DDR5 512GB SSD IPS نقره ای,ایسر,1103171191,,کالای دیجیتال,لپ تاپ,,,,,,
لپ تاپ ایسر 15.6 اینچی مدل Acer Aspire3 A315 i7 1255U 8GB 512GB IRIS FHD نقره ای,ایسر,1001021214,,کالای دیجیتال,لپ تاپ,,,,,,
لپ تاپ 15.6 اینچی ایسر مدل Acer Aspire 3 A325 53 i3 1305U 8GB DDR4 512GB SSD نقره ای,ایسر,1106811524,,کالای دیجیتال,لپ تاپ,,,,,,
لپ تاپ 16 اینچی ایسر مدل Acer Aspire Lite AL16 54P 56F1 i5 1334U 16GB DDR5 512GB SSD IPS رنگ نقره ای,ایسر,1106272948,,کالای دیجیتال,لپ تاپ,,,,,,
لپ تاپ 15.6 اینچی ایسوس مدل Asus Vivobook F1504VA NJ1046 i7 1355U 16GB DDR4 1TB SSD رنگ نقره ای,ایسر,1108657731,,کالای دیجیتال,لپ تاپ,,,,,,
لپ تاپ 15.6 اینچی ایسوس مدل Asus Vivobook F1504VA NJ1046 i7 1355U 24GB DDR4 1TB SSD کاستوم رنگ نقره ای,ایسر,1109173996,,کالای دیجیتال,لپ تاپ,,,,,,
لپ تاپ 16 اینچی ایسر مدل Acer Aspire Lite AL16 52P 52JZ i5 1334U 8GB DDR5 512GB SSD IPS رنگ نقره ای,ایسر,1108009951,,کالای دیجیتال,لپ تاپ,,,,,,
لپ تاپ 15.6 اینچی ایسوس مدل Asus Vivobook 15 F1504VA NJ828 i3 1315U 8GB DDR4 512GB SSD کاستوم رنگ سرمه ای,ایسر,1103409551,,کالای دیجیتال,لپ تاپ,,,,,,
لپ تاپ 15.6 اینچی ایسر مدل Acer Aspire 15 A15 51M 5996 i5 13420H 8GB LPDDR5 512GB SSD رنگ خاکستری,ایسر,1106420253,,کالای دیجیتال,لپ تاپ,,,,,,
لپ تاپ 15.6 اینچی ام اس آی مدل MSI Venturepro 15 A2RWEG Core 7 240H 16GB DDR5 1TB SSD 8GB RTX5050 IPS رنگ خاکستری,ایسر,1109244126,,کالای دیجیتال,لپ تاپ,,,,,,
لپ تاپ 16 اینچی گیگابایت مدل Gigabyte G6 KF H3EE854KD i7 13620H 16GB DDR5 1TB SSD 8GB RTX4060 مشکی,گیگابایت,1106983966,,کالای دیجیتال,لپ تاپ,,,,,,
لپ تاپ 16 اینچی گیگابایت مدل Gigabyte G6 MF i7 13620H 16GB DDR5 1TB SSD 8GB RTX4050 رنگ مشکی,گیگابایت,1107656857,,کالای دیجیتال,لپ تاپ,,,,,,
لپ تاپ 16 اینچی گیگابایت مدل Gigabyte Gaming A16 GA6H CWHI3EE864SH i7 13620H 32GB DDR5 1TB SSD 8GB RTX5070 IPS Win مشکی,گیگابایت,1103367404,,کالای دیجیتال,لپ تاپ,,,,,,
لپ تاپ 15.6 اینچی ام اس آی مدل MSI Modern 15 B12MO i5 1235U 16GB DDR4 500GB SSD IPS مشکی,ام اس آی,1102842372,,کالای دیجیتال,لپ تاپ,,,,,,
لپ تاپ 15.6 اینچی ام اس آی مدل MSI Cyborg 15 AI A1VEK Ultra 7 155H 16GB DDR5 1TB SSD 6GB RTX4050 IPS مشکی,ام اس آی,1105470908,,کالای دیجیتال,لپ تاپ,,,,,,
لپ تاپ 15.6 اینچی ام اس آی مدل MSI Cyborg 15 A13UDX i7 13620H 16GB DDR5 1TB SSD 6GB RTX3050 IPS مشکی,ام اس آی,1109259036,,کالای دیجیتال,لپ تاپ,,,,,,
لپ تاپ 15.6 اینچی ام اس آی مدل MSI Venturepro 15 A2RWEG Core 7 240H 16GB DDR5 500GB SSD 8GB RTX5050 IPS رنگ خاکستری,ام اس آی,1102441817,,کالای دیجیتال,لپ تاپ,,,,,,
لپ تاپ 13.3 اینچی ام اس آی مدل MSI Summit 13 AI Evo A2HMTG Ultra 7 255H 32GB LPDDR5 1TB SSD IPS Touch به همراه قلم رنگ مشکی,ام اس آی,1103547952,,کالای دیجیتال,لپ تاپ,,,,,,
پاوربانک 10000MAH انرجایزر مدل Energizer UE10056PQ مشکی,انرجایزر,1001022676,,کالای دیجیتال,شارژر,پاوربانک,,,,,
پاوربانک 20000MAH انرجایزر مدل Energizer UE20056PQ مشکی,انرجایزر,1001022678,,کالای دیجیتال,شارژر,پاوربانک,,,,,
پاوربانک 30000MAH انرجایزر مدل Energizer UE30056PQ مشکی,انرجایزر,1001022680,,کالای دیجیتال,شارژر,پاوربانک,,,,,
ساعت هوشمند ایمیلب IMILAB W02 مشکی,آی می لب,1001009162,,کالای دیجیتال,اکسسوری,ساعت و مچ‌بند هوشمند,,,,,
ساعت هوشمند آی می لب مدل IMIKI TG1 مشکی,آی می لب,1001010961,,کالای دیجیتال,اکسسوری,ساعت و مچ‌بند هوشمند,,,,,
ساعت هوشمند کیسلکت مدل Kieslect Ks مشکی,کیسلکت,1001020556,,کالای دیجیتال,اکسسوری,ساعت و مچ‌بند هوشمند,,,,,
شارژر دیواری انکر مدل A2347 با توان خروجی 20 وات Anker A2347 PowerPort Type-C 20W Wall Charger سفید,انکر,1001020448,,کالای دیجیتال,شارژر,شارژر دیواری,,,,,
محافظ برق و مبدل 3 به 2 هوشمند تایمردار هادرون مدل P103 آبی,هادرون,1001007779,,کالای دیجیتال,شارژر,سایر شارژرها,,,,,
محافظ برق و مبدل 3 به 2 هوشمند تایمردار هادرون مدل P103 مشکی,هادرون,1001007783,,کالای دیجیتال,شارژر,سایر شارژرها,,,,,
محافظ برق و مبدل 3 به 2 هوشمند تایمردار هادرون مدل P103 زرد,هادرون,1001007781,,کالای دیجیتال,شارژر,سایر شارژرها,,,,,
محافظ برق و مبدل 3 به 2 هوشمند تایمردار هادرون مدل P103 سفید,هادرون,1001007782,,کالای دیجیتال,شارژر,سایر شارژرها,,,,,
محافظ برق و مبدل 3 به 2 هوشمند تایمردار هادرون مدل P103 صورتی,هادرون,1001007780,,کالای دیجیتال,شارژر,سایر شارژرها,,,,,
کنسول بازی سونی مدل Play Station 5 Slim 1TB CFI 2016 Disk (Standard) سفید,سونی,1001013101,,کالای دیجیتال,کنسول بازی,کنسول,,,,,
هارد اکسترنال 1 ترابایت وسترن دیجیتال مدل My Passport مشکی,وسترن دیجیتال,1001008009,,کالای دیجیتال,اکسسوری,حافظه و ذخیره‌سازی,,,,,
اسپیکر بلوتوث هارمن کاردن Aura Studio 4 مشکی,هارمن کاردن,1001020963,,کالای دیجیتال,اسپیکر,سایر اسپیکرها,,,,,
اسپیکر بلوتوثی هارمن کاردن مدل Aura Studio 3 مشکی,هارمن کاردن,1001020599,,کالای دیجیتال,اسپیکر,سایر اسپیکرها,,,,,
اسپیکر بلوتوثی قابل حمل هارمن کاردن مدل Harman Kardon Onyx Studio 8 آبی,هارمن کاردن,1106325809,,کالای دیجیتال,اسپیکر,قابل حمل,,,,,
اسپیکر سونی مدل Sony MHC-V43D مشکی,سونی,1101659280,,کالای دیجیتال,اسپیکر,سایر اسپیکرها,,,,,
اسپیکر سونی مدل Sony MHC-V13 مشکی,سونی,1109345082,,کالای دیجیتال,اسپیکر,سایر اسپیکرها,,,,,
اسپیکر بلوتوثی قابل حمل سونی مدل Sony SRS-XP700 مشکی,سونی,1103350272,,کالای دیجیتال,اسپیکر,قابل حمل,,,,,
اسپیکر بلوتوثی قابل حمل سونی مدل Sony SRS-XV500 مشکی,سونی,1109119436,,کالای دیجیتال,اسپیکر,قابل حمل,,,,,
اسپیکر بلوتوثی قابل حمل جی بی ال 160 وات مدل JBL PartyBox Club 120 مشکی,جی بی ال,1001020682,,کالای دیجیتال,اسپیکر,پارتی‌باکس,,https://drive.google.com/file/d/1DVOyw2PQGdb_tb7bqxduZP9I7brFkYfo/view?usp=drivesdk,,,
هدفون بلوتوثی هوآوی مدل Huawei FreeBuds 6i T0019 با سفید,هوآوی,1106839851,,کالای دیجیتال,اکسسوری,هدفون و هندزفری,,,,,
هدفون بلوتوثی هوآوی مدل Huawei FreeBuds 6i T0019 با مشکی,هوآوی,1108900916,,کالای دیجیتال,اکسسوری,هدفون و هندزفری,,,,,
هدفون بلوتوثی هوآوی مدل Huawei FreeBuds 5 T0013 با سفید,هوآوی,1106356977,,کالای دیجیتال,اکسسوری,هدفون و هندزفری,,,,,
ساعت هوشمند میبرو مدل Mibro Watch A3 XPAW022 کرم,میبرو,1104199223,,کالای دیجیتال,اکسسوری,ساعت و مچ‌بند هوشمند,,,,,
هدفون بی سیم کیو سی وای مدل QCY T13 ANC 2 مشکی,کیو سی وای,1001013871,,کالای دیجیتال,اکسسوری,هدفون و هندزفری,,,,,
هدفون بی سیم کیو سی وای مدل QCY T13 ANC 2 سرمه ای,کیو سی وای,1001021244,,کالای دیجیتال,اکسسوری,هدفون و هندزفری,,,,,
هدفون بی سیم کیو سی وای مدل QCY T13 ANC 2 سفید,کیو سی وای,1001013870,,کالای دیجیتال,اکسسوری,هدفون و هندزفری,,,,,
هندزفری بی سیم کیو سی وای QCY T13 ANC مشکی,کیو سی وای,1001015251,,کالای دیجیتال,اکسسوری,هدفون و هندزفری,,,,,
هندزفری بی سیم کیو سی وای QCY T13 ANC سفید,کیو سی وای,1001015250,,کالای دیجیتال,اکسسوری,هدفون و هندزفری,,,,,
هدفون بی سیم کیو سی وای مدل QCY T13X مشکی,کیو سی وای,1001014060,,کالای دیجیتال,اکسسوری,هدفون و هندزفری,,,,,
هدفون بی سیم کیو سی وای مدل QCY T13X سفید,کیو سی وای,1001014061,,کالای دیجیتال,اکسسوری,هدفون و هندزفری,,,,,
هدفون بی سیم کیو سی وای مدل QCY T13X بنفش,کیو سی وای,1001014062,,کالای دیجیتال,اکسسوری,هدفون و هندزفری,,,,,
هندزفری بی سیم کیو سی وای QCY T13 مشکی,کیو سی وای,1001009119,,کالای دیجیتال,اکسسوری,هدفون و هندزفری,,,,,
هندزفری بی سیم کیو سی وای QCY T13 سفید,کیو سی وای,1001009118,,کالای دیجیتال,اکسسوری,هدفون و هندزفری,,,,,
هدفون بی سیم انکر مدل Anker SoundCore R50i A3949 مشکی,انکر,1001022046,,کالای دیجیتال,اکسسوری,هدفون و هندزفری,,https://drive.google.com/file/d/19rgz3xOZu8ynXTC97O8Qj0o7dvW1-tsA/view?usp=drivesdk,,,
هدفون بی سیم انکر مدل Anker SoundCore R50i A3949 سرمه ای,انکر,1001015291,,کالای دیجیتال,اکسسوری,هدفون و هندزفری,,https://drive.google.com/file/d/19rgz3xOZu8ynXTC97O8Qj0o7dvW1-tsA/view?usp=drivesdk,,,
هدفون بی سیم انکر مدل Anker SoundCore R50i A3949 سفید,انکر,1001012330,,کالای دیجیتال,اکسسوری,هدفون و هندزفری,,https://drive.google.com/file/d/19rgz3xOZu8ynXTC97O8Qj0o7dvW1-tsA/view?usp=drivesdk,,,
هدفون بلوتوثی انکر Anker Soundcore R50i NC A3959 مشکی,انکر,1001017601,,کالای دیجیتال,اکسسوری,هدفون و هندزفری,,,,,
هدفون بلوتوثی انکر Anker Soundcore R50i NC A3959 سفید,انکر,1001017600,,کالای دیجیتال,اکسسوری,هدفون و هندزفری,,,,,
هدفون بلوتوثی انکر Anker Soundcore R50i NC A3959 آبی,انکر,1001017621,,کالای دیجیتال,اکسسوری,هدفون و هندزفری,,,,,
هدفون بی سیم انکر مدل Anker SoundCore Life U2i A3213 مشکی,انکر,1001014126,,کالای دیجیتال,اکسسوری,هدفون و هندزفری,,,,,
هدفون بی سیم انکر مدل Anker SoundCore K20i A3994 مشکی,انکر,1104437204,,کالای دیجیتال,اکسسوری,هدفون و هندزفری,,,,,
مودم روتر همراه سیم کارتی 4G LTE Cat6 دی لینک مدل D-Link DWR-933M سفید,دی لینک,1103882771,,کالای دیجیتال,اکسسوری,مودم و شبکه,,,,,
مودم روتر همراه سیم کارتی 4G/LTE قابل حمل دی لینک مدل  D-Link DWR-930M سفید,دی لینک,1106562047,,کالای دیجیتال,اکسسوری,مودم و شبکه,,,,,
مودم روتر دو سیم کارت 4G LTE دی لینک مدل  D-Link DWR-M922 سفید,دی لینک,1107293108,,کالای دیجیتال,اکسسوری,مودم و شبکه,,,,,
مودم روتر 4.5G TD-LTE نتربیت مدل Neterbit NW-661D رنگ سفید,نتربیت,1105852872,,کالای دیجیتال,اکسسوری,مودم و شبکه,,,,,
مودم روتر VDSL/ADSL بی‌سیم تی پی-لینک مدل TD-W9960 رنگ سرمه ای,تی پی لینک,1104806324,,کالای دیجیتال,اکسسوری,مودم و شبکه,,,,,
مودم روتر 4G LTE سیم کارتی تی پی لینک مدل TP-Link Archer MR200 V6 مشکی,تی پی لینک,1104580341,,کالای دیجیتال,اکسسوری,مودم و شبکه,,,,,
روتر تی پی لینک مدل TP-Link Deco X20 (1 Pack) سفید,تی پی لینک,1105280497,,کالای دیجیتال,اکسسوری,مودم و شبکه,,,,,
مودم روتر 3G/4G سیم کارتی تی پی لینک مدل TP-Link TL-MR6400 V5.3 مشکی,تی پی لینک,1107003183,,کالای دیجیتال,اکسسوری,مودم و شبکه,,,,,
روتر تی پی لینک مدل TP-Link Archer C50 سفید,تی پی لینک,1107638993,,کالای دیجیتال,اکسسوری,مودم و شبکه,,,,,
روتر تی پی لینک مدل TP-Link TL-WR840N سفید,تی پی لینک,1107978846,,کالای دیجیتال,اکسسوری,مودم و شبکه,,,,,
روتر بی سیم دو باند تی پی لینک مدل TP-Link Archer C64 مشکی,تی پی لینک,1101096844,,کالای دیجیتال,اکسسوری,مودم و شبکه,,,,,
هارد اکسترنال 2 ترابایت سیلیکون پاور مدل Silicon Power Armor A85 نقره ای,سیلیکون پاور,1001009296,,کالای دیجیتال,اکسسوری,حافظه و ذخیره‌سازی,,,,,
هارد اکسترنال 2 ترابایت سیلیکون پاور مدل Silicon Power Armor A85B مشکی,سیلیکون پاور,1001012030,,کالای دیجیتال,اکسسوری,حافظه و ذخیره‌سازی,,,,,
هارد اکسترنال 1 ترابایت سیلیکون پاور مدل Silicon Power Armor A85B مشکی,سیلیکون پاور,1001012032,,کالای دیجیتال,اکسسوری,حافظه و ذخیره‌سازی,,,,,
هارد اکسترنال 1 ترابایت سیلیکون پاور مدل Silicon Power Armor A85 نقره ای,سیلیکون پاور,1001009299,,کالای دیجیتال,اکسسوری,حافظه و ذخیره‌سازی,,,,,
هارد اکسترنال 2 ترابایت سیلیکون پاور مدل Silicon Power Armor A80 مشکی,سیلیکون پاور,1103761100,,کالای دیجیتال,اکسسوری,حافظه و ذخیره‌سازی,,,,,
هارد اکسترنال 1 ترابایت سیلیکون پاور مدل Silicon Power Armor A80 سرمه ای,سیلیکون پاور,1001009295,,کالای دیجیتال,اکسسوری,حافظه و ذخیره‌سازی,,,,,
هارد اکسترنال 2 ترابایت سیلیکون پاور مدل Silicon Power Armor A80 سرمه ای,سیلیکون پاور,1001009292,,کالای دیجیتال,اکسسوری,حافظه و ذخیره‌سازی,,,,,
لپ تاپ 16 اینچی ایسوس مدل Asus TUF Gaming F16 FX607VJ RL078 Core 5 210H 16GB DDR4 512GB SSD 6GB RTX3050 WV رنگ خاکستری,ایسوس,1108888235,,کالای دیجیتال,لپ تاپ,,,,,,
لپ تاپ 15.6 اینچی ایسر مدل Acer Aspire 15 A15 51M 5996 i5 13420H 8GB LPDDR5 512GB SSD Backlit رنگ خاکستری,ایسر,1109630809,,کالای دیجیتال,لپ تاپ,,,,,,
لپ تاپ 16 اینچی ایسوس مدل Asus Vivobook M1605YA MB725 R7 7730U 8GB DDR4 512GB SSD WV رنگ مشکی,ایسوس,1109815186,,کالای دیجیتال,لپ تاپ,,,,,,
لپ تاپ 13.4 اینچی چووی مدل Chuwi FreeBook CWI557 N150 12GB LPDDR5 512GB SSD Touch رنگ مشکی,چویی,1101239989,,کالای دیجیتال,لپ تاپ,,,,,,
لپ تاپ هیبریدی 12.96 اینچی چووی مدل Chuwi Hi10 Max CWI639 N150 12GB LPDDR5 512GB SSD IPS به همراه کیبورد رنگ مشکی,چویی,1106068353,,کالای دیجیتال,لپ تاپ,,,,,,
تبلت 14.3 اینچی تی سی ال مدل TCL Nxtpaper 14 WiFi 256GB RAM 8GB,تی سی ال,1101193879,,کالای دیجیتال,تبلت,,,,,,
تبلت 11 اینچ سامسونگ مدل Samsung Galaxy Tab A11 Plus 5G SM-X236 128GB RAM 6GB رنگ نقره ای,سامسونگ,1107220837,,کالای دیجیتال,تبلت,,,https://drive.google.com/file/d/1sEUHUFhG4a7AIT1QHd7Tpc17HzbALabd/view?usp=drivesdk,,,
تبلت 11 اینچ سامسونگ مدل Samsung Galaxy Tab A11 Plus 5G SM-X236 128GB RAM 6GB رنگ خاکستری,سامسونگ,1106536590,,کالای دیجیتال,تبلت,,,https://drive.google.com/file/d/1sEUHUFhG4a7AIT1QHd7Tpc17HzbALabd/view?usp=drivesdk,,,
تبلت 8.7 اینچ سامسونگ مدل Samsung Galaxy Tab A11 4G SM-X135 64GB RAM 4GB رنگ نقره ای,سامسونگ,1108771512,,کالای دیجیتال,تبلت,,,https://drive.google.com/file/d/1sEUHUFhG4a7AIT1QHd7Tpc17HzbALabd/view?usp=drivesdk,,,
تبلت 10.9 اینچ سامسونگ مدل Samsung Galaxy Tab S10 FE 5G SM-X526B 128GB RAM 8GB رنگ خاکستری,سامسونگ,1101792124,,کالای دیجیتال,تبلت,,,,,,
تبلت 13.1 اینچ سامسونگ مدل Samsung Galaxy Tab S10 FE Plus 5G SM-X626B 128GB RAM 8GB رنگ آبی,سامسونگ,1106450953,,کالای دیجیتال,تبلت,,,,,,
Jubiter K10 64GB RAM 3GB خاکستری,Jubiter,1107513451,,کالای دیجیتال,موبایل,,گوشی Jubiter K10 از برند Jubiter با حافظه داخلی 64 گیگابایت و رم 3 گیگابایت؛ مناسب ارتباط، استفاده روزمره و اجرای برنامه‌ها.,https://drive.google.com/file/d/1mNa9cfibVt21BAjESfsC25MHu9QbrKrQ/view?usp=drivesdk,,,
Redtone E20 64GB RAM 4GB + بیمه آبی تیره,Redtone,1106976040,,کالای دیجیتال,موبایل,,,,,,
TCH Nova سرمه ای,TCH,1107691539,,کالای دیجیتال,موبایل,,گوشی ساده TCH با کاربری آسان و طراحی جمع‌وجور؛ مناسب تماس، پیامک و استفاده روزمره.,https://drive.google.com/file/d/1tyyyT6vp21HOmjLmcSJsgh7RyoYT3SAi/view?usp=drivesdk,,,
TCH Nova خاکستری,TCH,1101880137,,کالای دیجیتال,موبایل,,گوشی ساده TCH با کاربری آسان و طراحی جمع‌وجور؛ مناسب تماس، پیامک و استفاده روزمره.,https://drive.google.com/file/d/1tyyyT6vp21HOmjLmcSJsgh7RyoYT3SAi/view?usp=drivesdk,,,
Galaxy A37 5G 256GB RAM 8GB Vietnam مشکی,سامسونگ,1101626455,,کالای دیجیتال,موبایل,,,,,,
Galaxy A57 5G 256GB RAM 8GB Vietnam آبی روشن,سامسونگ,1109135327,,کالای دیجیتال,موبایل,,,https://drive.google.com/file/d/1yAYjOXZcuRweCBPWo8mogLFB5vlwKXGf/view?usp=drivesdk,,,
Galaxy A57 5G 256GB RAM 8GB Vietnam خاکستری,سامسونگ,1101938091,,کالای دیجیتال,موبایل,,,https://drive.google.com/file/d/1yAYjOXZcuRweCBPWo8mogLFB5vlwKXGf/view?usp=drivesdk,,,
Galaxy S26 Ultra 5G 256GB RAM 12GB Vietnam مشکی,سامسونگ,1109381130,,کالای دیجیتال,موبایل,,,,,,
Galaxy A57 5G 256GB RAM 12GB Vietnam خاکستری,سامسونگ,1104197067,,کالای دیجیتال,موبایل,,,https://drive.google.com/file/d/1yAYjOXZcuRweCBPWo8mogLFB5vlwKXGf/view?usp=drivesdk,,,
Galaxy A37 5G 128GB RAM 8GB Vietnam مشکی,سامسونگ,1101622347,,کالای دیجیتال,موبایل,,,,,,
Galaxy A57 5G 128GB RAM 8GB Vietnam خاکستری,سامسونگ,1106727843,,کالای دیجیتال,موبایل,,,https://drive.google.com/file/d/1yAYjOXZcuRweCBPWo8mogLFB5vlwKXGf/view?usp=drivesdk,,,
Nokia 150 Music FA مونتاژ ایران تحت لیسانس نوکیا خاکستری,نوکیا,1102521711,,کالای دیجیتال,موبایل,,گوشی ساده نوکیا با کاربری آسان و طراحی جمع‌وجور؛ مناسب تماس، پیامک و استفاده روزمره.,https://drive.google.com/file/d/1WyH9Xg8pBTH989tCZate1ZeISA4w2YFj/view?usp=drivesdk,,,
Nokia 125 FA مونتاژ ایران تحت لیسانس نوکیا مشکی,نوکیا,1104533241,,کالای دیجیتال,موبایل,,گوشی ساده نوکیا با کاربری آسان و طراحی جمع‌وجور؛ مناسب تماس، پیامک و استفاده روزمره.,https://drive.google.com/file/d/1jZvEcNtTUI5kCCp-cIUc6JAsiiR_sXq3/view?usp=drivesdk,,,
Nokia 108 FA مونتاژ ایران تحت لیسانس نوکیا مشکی,نوکیا,1101324904,,کالای دیجیتال,موبایل,,گوشی ساده نوکیا با کاربری آسان و طراحی جمع‌وجور؛ مناسب تماس، پیامک و استفاده روزمره.,https://drive.google.com/file/d/1Ac829ngtWfTWTjojbOQAHWKZb1WTwSxD/view?usp=drivesdk,,,
Galaxy A17 128GB RAM 6GB Vietnam خاکستری,سامسونگ,1107864137,,کالای دیجیتال,موبایل,,,https://drive.google.com/file/d/1KJG7UbsViRjI9VNNGhaESVM70iXZ15ld/view?usp=drivesdk,,,
لپ تاپ 15.6 اینچی ایسوس مدل Asus X1504VA BQ4675 i3 1315U 16GB DDR4 512GB SSD WV کاستوم رنگ سرمه ای,ایسوس,1107966848,,کالای دیجیتال,لپ تاپ,,,,,,
لپ تاپ 15.6 اینچی ایسوس مدل Asus X1504VA BQ4675 i3 1315U 8GB DDR4 512GB SSD WV رنگ سرمه ای,ایسوس,1102857280,,کالای دیجیتال,لپ تاپ,,,,,,
تبلت 8.7 اینچ سامسونگ مدل Samsung Galaxy Tab A11 4G SM-X135 64GB RAM 4GB رنگ خاکستری,سامسونگ,1105217525,,کالای دیجیتال,تبلت,,,https://drive.google.com/file/d/1sEUHUFhG4a7AIT1QHd7Tpc17HzbALabd/view?usp=drivesdk,,,
تبلت 8.7 اینچ سامسونگ مدل Samsung Galaxy Tab A11 4G SM-X135 128GB RAM 8GB خاکستری,سامسونگ,1101411457,,کالای دیجیتال,تبلت,,,https://drive.google.com/file/d/1sEUHUFhG4a7AIT1QHd7Tpc17HzbALabd/view?usp=drivesdk,,,
تبلت 8.7 اینچ سامسونگ مدل Samsung Galaxy Tab A11 4G SM-X135 128GB RAM 8GB نقره ای,سامسونگ,1109666891,,کالای دیجیتال,تبلت,,,https://drive.google.com/file/d/1sEUHUFhG4a7AIT1QHd7Tpc17HzbALabd/view?usp=drivesdk,,,
کنسول بازی سونی مدل Sony Play Station 5 Slim Disk (Standard) CFI 2116 EU اروپا سفید,سونی,1106544242,,کالای دیجیتال,کنسول بازی,کنسول,,,,,
هندزفری بلوتوثی اپل مدل Airpods Pro 3 سفید,اپل,1001687,,کالای دیجیتال,اکسسوری,هدفون و هندزفری,هندزفری بلوتوثی اپل؛ مناسب مکالمه و پخش موسیقی با اتصال بی‌سیم.,https://drive.google.com/file/d/12v9qp77BjpAeVPhlku3WUqOSajCQp5IS/view?usp=drivesdk,,,
هندزفری بلوتوثی اپل مدل AirPods 4 (ANC) سفید,اپل,1000343,,کالای دیجیتال,اکسسوری,هدفون و هندزفری,هندزفری بلوتوثی اپل؛ مناسب مکالمه و پخش موسیقی با اتصال بی‌سیم.,https://drive.google.com/file/d/1YJGI_PaW-9OxiD2_V3fJfN0T4O38pW-a/view?usp=drivesdk,,,
هندزفری بلوتوثی اپل مدل AirPods 4 سفید,اپل,1000345,,کالای دیجیتال,اکسسوری,هدفون و هندزفری,هندزفری بلوتوثی اپل؛ مناسب مکالمه و پخش موسیقی با اتصال بی‌سیم.,https://drive.google.com/file/d/1YJGI_PaW-9OxiD2_V3fJfN0T4O38pW-a/view?usp=drivesdk,,,
Apple iPhone 15 128/8GB CH/A - Not Active مشکی,اپل,1001634,,کالای دیجیتال,موبایل,,,,,,
Apple iPhone 15 128/8GB CH/A - Not Active آبی,اپل,1001635,,کالای دیجیتال,موبایل,,,,,,
Apple iPhone 15 128/8GB CH/A - Not Active صورتی,اپل,1001636,,کالای دیجیتال,موبایل,,,,,,
Apple iPhone 17 Pro Max 256GB ZA/A Non Active آبی,اپل,1001527,,کالای دیجیتال,موبایل,,,https://drive.google.com/file/d/10vw8R8QOfS2b9wkdEsLx_95wajyDL4Bg/view?usp=drivesdk,,,
Apple iPhone 17 Pro Max 256GB ZA/A Non Active نارنجی,اپل,1001526,,کالای دیجیتال,موبایل,,,https://drive.google.com/file/d/10vw8R8QOfS2b9wkdEsLx_95wajyDL4Bg/view?usp=drivesdk,,,
Apple iPhone 17 Pro Max 256GB ZA/A Non Active نقره ای,اپل,1001525,,کالای دیجیتال,موبایل,,,https://drive.google.com/file/d/10vw8R8QOfS2b9wkdEsLx_95wajyDL4Bg/view?usp=drivesdk,,,
Apple iPhone 16 128/8GB CH/A - Not Active مشکی,اپل,1000222,,کالای دیجیتال,موبایل,,,,,,
Apple iPhone 16 128/8GB CH/A - Not Active آبی,اپل,1000223,,کالای دیجیتال,موبایل,,,,,,
Apple iPhone 16 128/8GB CH/A - Not Active صورتی,اپل,1000224,,کالای دیجیتال,موبایل,,,,,,
Apple iPhone 16 128/8GB CH/A - Not Active سفید,اپل,1000225,,کالای دیجیتال,موبایل,,,,,,
iPhone 14 128GB Ch Non Active مشکی,اپل,1001237,,کالای دیجیتال,موبایل,,,,,,
iPhone 14 128GB Ch Non Active سفید,اپل,1001236,,کالای دیجیتال,موبایل,,,,,,
Apple iPhone 16 Pro 256/8GB ZA/A - Not Active مشکی تیتانیوم,اپل,1000227,,کالای دیجیتال,موبایل,,,,,,
Apple iPhone 16 Pro 256/8GB ZA/A - Not Active سفید تیتانیوم,اپل,1000228,,کالای دیجیتال,موبایل,,,,,,
Apple iPhone 16 Pro 256/8GB ZA/A - Not Active نچرال تیتانیوم,اپل,1000229,,کالای دیجیتال,موبایل,,,,,,
Apple iPhone 16 Pro 256/8GB ZA/A - Not Active صحرایی تیتانیوم,اپل,1000230,,کالای دیجیتال,موبایل,,,,,,
هندزفری بلوتوثی اپل مدل AirPods Pro 2nd Generation 2023 Type-C سفید,اپل,1000341,,کالای دیجیتال,اکسسوری,هدفون و هندزفری,هندزفری بلوتوثی اپل؛ مناسب مکالمه و پخش موسیقی با اتصال بی‌سیم.,https://drive.google.com/file/d/1Phw-Sy8OFy_Qqu1HZjSG8ZeZqPJiccFM/view?usp=drivesdk,,,
شارژر دیواری 20 وات اپل سه پین مدل A2344 سفید,اپل,1000674,,کالای دیجیتال,شارژر,شارژر دیواری,شارژر دیواری اپل با توان 20 وات؛ مناسب شارژ روزمره دستگاه‌های سازگار.,https://drive.google.com/file/d/1p-VsKGPmCNO-vrisdabdXifBIGQ2nu4N/view?usp=drivesdk,,,
شارژر دیواری 20 وات اپل سه پین مدل A2344 سفید ا,اپل,1000374,,کالای دیجیتال,شارژر,شارژر دیواری,,https://drive.google.com/file/d/1p-VsKGPmCNO-vrisdabdXifBIGQ2nu4N/view?usp=drivesdk,,,
هندزفری بلوتوثی اپل مدل Airpods2 (New Generation) سفید,اپل,1001308,,کالای دیجیتال,اکسسوری,هدفون و هندزفری,,,,,
Apple iPhone 16 Pro Max 256/8GB ZA/A - Not Active مشکی تیتانیوم,اپل,1000242,,کالای دیجیتال,موبایل,,,https://drive.google.com/file/d/1EWxBXDQITsyRL96JLd5OxN_ZupZz7hJd/view?usp=drivesdk,,,
ساعت هوشمند اپل مدل Apple Watch Series 10 46mm مشکی,اپل,1001764,,کالای دیجیتال,اکسسوری,ساعت و مچ‌بند هوشمند,,,,,
ساعت هوشمند اپل مدل Apple Watch Series SE Gen2 40mm مشکی,اپل,1001766,,کالای دیجیتال,اکسسوری,ساعت و مچ‌بند هوشمند,,,,,
ساعت هوشمند اپل مدل Apple Watch Series SE Gen2 44mm مشکی,اپل,1001768,,کالای دیجیتال,اکسسوری,ساعت و مچ‌بند هوشمند,,,,,
Apple iPhone 17 256/8GB CH/A - Not Active مشکی,اپل,1001674,,کالای دیجیتال,موبایل,,,https://drive.google.com/file/d/1YXtmEd38Reey86_e1i0HLxQwAC6osSoU/view?usp=drivesdk,,,
Apple iPhone 17 256/8GB CH/A - Not Active سفید,اپل,1001675,,کالای دیجیتال,موبایل,,,https://drive.google.com/file/d/1YXtmEd38Reey86_e1i0HLxQwAC6osSoU/view?usp=drivesdk,,,
Apple iPhone 17 256/8GB CH/A - Not Active سبز,اپل,1001677,,کالای دیجیتال,موبایل,,,https://drive.google.com/file/d/1YXtmEd38Reey86_e1i0HLxQwAC6osSoU/view?usp=drivesdk,,,
Apple iPhone 17 256/8GB CH/A - Not Active بنفش,اپل,1001678,,کالای دیجیتال,موبایل,,,https://drive.google.com/file/d/1YXtmEd38Reey86_e1i0HLxQwAC6osSoU/view?usp=drivesdk,,,
Apple iPhone 17 256/8GB CH/A - Not Active آبی,اپل,1001676,,کالای دیجیتال,موبایل,,,https://drive.google.com/file/d/1YXtmEd38Reey86_e1i0HLxQwAC6osSoU/view?usp=drivesdk,,,
Apple iPhone 16 Pro Max 256/8GB ZA/A - Not Active نچرال تیتانیوم,اپل,1000240,,کالای دیجیتال,موبایل,,,https://drive.google.com/file/d/1EWxBXDQITsyRL96JLd5OxN_ZupZz7hJd/view?usp=drivesdk,,,
HMD Pulse Plus 128GB RAM 6GB تحت لیسانس فنلاند_ سرمه ای + قاب,اچ ام دی,1001323,,کالای دیجیتال,موبایل,,,,,,
جارو برقی رباتیک اکووکس مدل Ecovacs Deebot X8 Pro Omni Robot سفید,اکووکس,1001377,,گجت خانگی,گجت خانگی,جارو رباتیک,,,,,
"پاوربانک انکر مدل A1657H11 Anker Nano Power Bank 30W, Built-In USB-C Cable مشکی",انکر,1001151,,کالای دیجیتال,شارژر,پاوربانک,,,,,
هدفون بلوتوثی انکر مدل A3012H11 Anker SoundCore H30i مشکی,انکر,1000701,,کالای دیجیتال,اکسسوری,هدفون و هندزفری,,,,,
هندزفری بلوتوثی انکر Anker A3948Z11 Soundcore A25i مشکی,انکر,1001239,,کالای دیجیتال,اکسسوری,هدفون و هندزفری,,,,,
هندزفری بلوتوثی انکر Anker A3958H11 SoundCore A30i مشکی,انکر,1001243,,کالای دیجیتال,اکسسوری,هدفون و هندزفری,,,,,
هندزفری بلوتوثی انکر مدل R50i مشکی,انکر,1000282,,کالای دیجیتال,اکسسوری,هدفون و هندزفری,هندزفری بلوتوثی انکر؛ مناسب مکالمه و پخش موسیقی با اتصال بی‌سیم.,https://drive.google.com/file/d/19rgz3xOZu8ynXTC97O8Qj0o7dvW1-tsA/view?usp=drivesdk,,,
هندزفری بلوتوثی انکر مدل A3954H11 Anker SoundCore Liberty 4 Pro مشکی,انکر,1000582,,کالای دیجیتال,اکسسوری,هدفون و هندزفری,,,,,
شارژر دیواری انکر Anker Nano Charger 100W with AKSD 6ft 5A c-c cable B2679 مشکی,انکر,1001262,,کالای دیجیتال,شارژر,شارژر دیواری,,,,,
شارژر دیواری انکر مدل A2698K11 Anker Charger(30W) مشکی,انکر,1001153,,کالای دیجیتال,شارژر,شارژر دیواری,,,,,
شارژر دیواری انکر مدل A2698K11 Anker Charger(30W) سفید,انکر,1001258,,کالای دیجیتال,شارژر,شارژر دیواری,,,,,
هندزفری بلوتوثی انکر مدل K20i مشکی,انکر,1000286,,کالای دیجیتال,اکسسوری,هدفون و هندزفری,,,,,
هندزفری بلوتوثی انکر مدل R50i سفید,انکر,1000281,,کالای دیجیتال,اکسسوری,هدفون و هندزفری,,https://drive.google.com/file/d/19rgz3xOZu8ynXTC97O8Qj0o7dvW1-tsA/view?usp=drivesdk,,,
هندزفری بلوتوثی انکر Anker A3947H21 SoundCore Liberty 4 NC مشکی,انکر,1001295,,کالای دیجیتال,اکسسوری,هدفون و هندزفری,,,,,
هندزفری بلوتوثی انکر Anker A3947H21 SoundCore Liberty 4 NC سفید,انکر,1001245,,کالای دیجیتال,اکسسوری,هدفون و هندزفری,,,,,
هندزفری بلوتوثی انکر مدلAnker SoundCore Liberty 5 A3957 مشکی,انکر,1001298,,کالای دیجیتال,اکسسوری,هدفون و هندزفری,,,,,
هندزفری بلوتوثی انکر مدل Anker SoundCore C40i A3331 مشکی,انکر,1001510,,کالای دیجیتال,اکسسوری,هدفون و هندزفری,,,,,
Honor X6C 128GB RAM 6GB سفید,آنر,1001877,,کالای دیجیتال,موبایل,,گوشی Honor X6C از برند آنر با حافظه داخلی 128 گیگابایت و رم 6 گیگابایت؛ مناسب ارتباط، استفاده روزمره و اجرای برنامه‌ها.,https://drive.google.com/file/d/1J4ff-uulkZXJyJR_qgEEIyqku2e9u3Ak/view?usp=drivesdk,,,
Honor X6C 128GB RAM 6GB آبی فیروزه ای,آنر,1001878,,کالای دیجیتال,موبایل,,گوشی Honor X6C از برند آنر با حافظه داخلی 128 گیگابایت و رم 6 گیگابایت؛ مناسب ارتباط، استفاده روزمره و اجرای برنامه‌ها.,https://drive.google.com/file/d/1J4ff-uulkZXJyJR_qgEEIyqku2e9u3Ak/view?usp=drivesdk,,,
Honor X6C 256GB RAM 6GB مشکی,آنر,1001880,,کالای دیجیتال,موبایل,,,https://drive.google.com/file/d/1J4ff-uulkZXJyJR_qgEEIyqku2e9u3Ak/view?usp=drivesdk,,,
Honor X6C 256GB RAM 6GB سفید,آنر,1001881,,کالای دیجیتال,موبایل,,,https://drive.google.com/file/d/1J4ff-uulkZXJyJR_qgEEIyqku2e9u3Ak/view?usp=drivesdk,,,
Honor X6C 256GB RAM 6GB آبی فیروزه ای,آنر,1001882,,کالای دیجیتال,موبایل,,,https://drive.google.com/file/d/1J4ff-uulkZXJyJR_qgEEIyqku2e9u3Ak/view?usp=drivesdk,,,
Honor X7d 256GB RAM 8GB مشکی,آنر,1001884,,کالای دیجیتال,موبایل,,,https://drive.google.com/file/d/1tv6GOEuefk4bMNz5P7pKVu3-UUaT27Rx/view?usp=drive_link,,,
Honor X7d 256GB RAM 8GB نقره ای,آنر,1001885,,کالای دیجیتال,موبایل,,,https://drive.google.com/file/d/1tv6GOEuefk4bMNz5P7pKVu3-UUaT27Rx/view?usp=drive_link,,,
Honor X7d 256GB RAM 8GB طلایی,آنر,1001886,,کالای دیجیتال,موبایل,,,,,,
Honor X9d 256GB RAM 12GB مشکی,آنر,1001888,,کالای دیجیتال,موبایل,,,https://drive.google.com/file/d/15yozY_p1KlO8T18QBWbH6UoJxCLl0IP8/view?usp=drivesdk,,,
Honor X9d 256GB RAM 12GB طلایی,آنر,1001889,,کالای دیجیتال,موبایل,,,https://drive.google.com/file/d/15yozY_p1KlO8T18QBWbH6UoJxCLl0IP8/view?usp=drivesdk,,,
Honor X9d 256GB RAM 12GB عنابی,آنر,1001891,,کالای دیجیتال,موبایل,,,https://drive.google.com/file/d/15yozY_p1KlO8T18QBWbH6UoJxCLl0IP8/view?usp=drivesdk,,,
Honor X9d 256GB RAM 12GB سبز,آنر,1001890,,کالای دیجیتال,موبایل,,,https://drive.google.com/file/d/15yozY_p1KlO8T18QBWbH6UoJxCLl0IP8/view?usp=drivesdk,,,
Honor 400 512GB RAM 12GB نقره ای,آنر,1001895,,کالای دیجیتال,موبایل,,گوشی Honor 400 از برند آنر با حافظه داخلی 512 گیگابایت و رم 12 گیگابایت؛ مناسب ارتباط، استفاده روزمره و اجرای برنامه‌ها.,https://drive.google.com/file/d/1_1fDEx2NtkwKn8a3zQgYcW81xfhTu_Ra/view?usp=drivesdk,,,
Honor 400 512GB RAM 12GB آبی آسمانی,آنر,1001896,,کالای دیجیتال,موبایل,,,https://drive.google.com/file/d/1_1fDEx2NtkwKn8a3zQgYcW81xfhTu_Ra/view?usp=drivesdk,,,
Honor 400 256GB RAM 12GB طلایی,آنر,1001893,,کالای دیجیتال,موبایل,,گوشی Honor 400 از برند آنر با حافظه داخلی 256 گیگابایت و رم 12 گیگابایت؛ مناسب ارتباط، استفاده روزمره و اجرای برنامه‌ها.,https://drive.google.com/file/d/1_1fDEx2NtkwKn8a3zQgYcW81xfhTu_Ra/view?usp=drivesdk,,,
پاوربانک 67 وات بیسوس مدل EnerCore CR11 ظرفیت 20000 میلی‌آمپرساعت مشکی,بیسوس,1001725,,کالای دیجیتال,شارژر,پاوربانک,پاوربانک بیسوس با ظرفیت 20000 میلی‌آمپرساعت و توان 67 وات؛ مناسب شارژ همراه دستگاه‌های سازگار.,https://drive.google.com/file/d/1cIUfjoh9z0aGS4Dj52Z3RQuG98mchEpV/view?usp=drivesdk,,,
پاوربانک بیسوس مدل EnterGeek GP12 145w ظرفیت 20800 میلی آمپر ساعت خاکستری,بیسوس,1001711,,کالای دیجیتال,شارژر,پاوربانک,پاوربانک بیسوس با ظرفیت 20800 میلی‌آمپرساعت؛ مناسب شارژ همراه دستگاه‌های سازگار.,https://drive.google.com/file/d/1dJGrLR8-QS4I2g5JCf7SgbrtAr6ZOm8T/view?usp=drivesdk,,,
پاوربانک 22 وات بیسوس مدل EnerFill FC51 Bipow 2 Pro ظرفیت 30000 میلی‌آمپرساعت مشکی,بیسوس,1001717,,کالای دیجیتال,شارژر,پاوربانک,پاوربانک بیسوس با ظرفیت 30000 میلی‌آمپرساعت و توان 22 وات؛ مناسب شارژ همراه دستگاه‌های سازگار.,https://drive.google.com/file/d/1gINGnmNrvRmLqYEiB9NGxGjU45_fbDdE/view?usp=drivesdk,,,
پاوربانک 45 وات بیسوس مدل EnerFill FC31 Qpow 3 ظرفیت 20000 میلی‌آمپرساعت مشکی,بیسوس,1001713,,کالای دیجیتال,شارژر,پاوربانک,,,,,
کابل شارژ سریع بیسوس USB-C به USB-C مدل Dura با توان 240 وات و طول 1 متر مشکی/طلایی,بیسوس,1001723,,کالای دیجیتال,اکسسوری,کابل و تبدیل,,,,,
اسپیکر بلوتوثی قابل حمل جی بی ال مدل JBL PartyBox 520 مشکی,جی بی ال,1001619,,کالای دیجیتال,اسپیکر,پارتی‌باکس,اسپیکر بلوتوثی قابل‌حمل جی بی ال؛ مناسب پخش موسیقی، مهمانی و دورهمی با اتصال بی‌سیم.,https://drive.google.com/file/d/10BIP0fYBZIiQ2Xfj7Xoh3EVkqci7kp_e/view,https://drive.google.com/open?id=13BO0iE7WizilDm3kHJ9JeyJpKUbsV4G1|https://drive.google.com/open?id=1RDegl5BY5grcABygQ6zoaCFWN0qM58hI|https://drive.google.com/open?id=1hE_agVb5Xfw-7K_I-_-6bwtVTsi7-3Ms,https://drive.google.com/file/d/1B0jGnzpsf7so8TBpi9w8tXAOgGL9w7A3/view,https://drive.google.com/file/d/1FNYJPnjSpC1j12lCnUUwQKXsGGMH1uzC/view
اسپیکر بلوتوثی قابل حمل پارتی باکس جی بی ال مدل JBL Party Box Stage 320 سفید,جی بی ال,1001333,,کالای دیجیتال,اسپیکر,پارتی‌باکس,,https://drive.google.com/file/d/1oo7U0j39aHJZfMnPtRKQzMqC7pMQIp5o/view?usp=drivesdk,,,
اسپیکر بلوتوثی قابل حمل پارتی باکس جی بی ال مدل JBL Party Box Stage 320 مشکی,جی بی ال,1001201,,کالای دیجیتال,اسپیکر,پارتی‌باکس,اسپیکر بلوتوثی قابل‌حمل جی بی ال؛ مناسب پخش موسیقی، مهمانی و دورهمی با اتصال بی‌سیم.,https://drive.google.com/file/d/1oo7U0j39aHJZfMnPtRKQzMqC7pMQIp5o/view?usp=drivesdk,,,
اسپیکر بلوتوثی قابل حمل جی بی ال مدل JBL Party Box Club 120 مشکی,جی بی ال,1001199,,کالای دیجیتال,اسپیکر,پارتی‌باکس,اسپیکر بلوتوثی قابل‌حمل جی بی ال؛ مناسب پخش موسیقی، مهمانی و دورهمی با اتصال بی‌سیم.,https://drive.google.com/file/d/1DVOyw2PQGdb_tb7bqxduZP9I7brFkYfo/view?usp=drivesdk,,,
اسپیکر بلوتوثی قابل حمل جی بی ال مدل JBL Party Box Club 120 سفید,جی بی ال,1001334,,کالای دیجیتال,اسپیکر,پارتی‌باکس,,https://drive.google.com/file/d/1DVOyw2PQGdb_tb7bqxduZP9I7brFkYfo/view?usp=drivesdk,,,
اسپیکر بلوتوثی جی بی ال مدل JBL Charge Essential 2 مشکی,جی بی ال,1001197,,کالای دیجیتال,اسپیکر,سایر اسپیکرها,,,,,
اسپیکر بلوتوثی جی بی ال مدل JBL Go 4 قابل حمل ارتشی,جی بی ال,1001169,,کالای دیجیتال,اسپیکر,قابل حمل,,,,,
اسپیکر بلوتوثی جی بی ال مدل JBL Go 4 قابل حمل مشکی,جی بی ال,1001164,,کالای دیجیتال,اسپیکر,قابل حمل,,,,,
اسپیکر بلوتوثی قابل حمل جی بی ال مدل JBL Charge 5 ارتشی,جی بی ال,1001191,,کالای دیجیتال,اسپیکر,قابل حمل,,,,,
اسپیکر بلوتوثی قابل حمل جی بی ال مدل JBL Clip 5 مشکی,جی بی ال,1001172,,کالای دیجیتال,اسپیکر,قابل حمل,,,,,
اسپیکر جی بی ال مدل JBL Xtreme 4 مشکی,جی بی ال,1001193,,کالای دیجیتال,اسپیکر,سایر اسپیکرها,,,,,
اسپیکر بلوتوثی قابل حمل جی بی ال مدل JBL Charge 5 سبز,جی بی ال,1001187,,کالای دیجیتال,اسپیکر,قابل حمل,,,,,
اسپیکر بلوتوثی قابل حمل جی بی ال مدل JBL Charge 5 آبی,جی بی ال,1001186,,کالای دیجیتال,اسپیکر,قابل حمل,,,,,
اسپیکر بلوتوثی قابل حمل جی بی ال مدل JBL Charge 5 خاکستری,جی بی ال,1001188,,کالای دیجیتال,اسپیکر,قابل حمل,,,,,
اسپیکر بلوتوثی قابل حمل جی بی ال مدل JBL Clip 5 آبی,جی بی ال,1001173,,کالای دیجیتال,اسپیکر,قابل حمل,,,,,
اسپیکر بلوتوثی قابل حمل جی بی ال مدل JBL Clip 5 سفید,جی بی ال,1001178,,کالای دیجیتال,اسپیکر,قابل حمل,,,,,
اسپیکر بلوتوثی قابل حمل جی بی ال مدل JBL Charge 5 قرمز,جی بی ال,1001190,,کالای دیجیتال,اسپیکر,قابل حمل,,,,,
اسپیکر بلوتوثی قابل حمل جی بی ال مدل JBL Charge 5 صورتی,جی بی ال,1001189,,کالای دیجیتال,اسپیکر,قابل حمل,,,,,
اسپیکر بلوتوثی قابل حمل جی بی ال مدل JBL Flip 6 ارتشی,جی بی ال,1001183,,کالای دیجیتال,اسپیکر,قابل حمل,,,,,
اسپیکر بلوتوثی قابل حمل جی بی ال مدل JBL Flip 6 قرمز,جی بی ال,1001182,,کالای دیجیتال,اسپیکر,قابل حمل,,,,,
اسپیکر بلوتوثی قابل حمل جی بی ال مدل JBL Flip 6 مشکی,جی بی ال,1001180,,کالای دیجیتال,اسپیکر,قابل حمل,,,,,
اسپیکر بلوتوثی قابل حمل جی بی ال مدل JBL Charge 6 آبی,جی بی ال,1001351,,کالای دیجیتال,اسپیکر,قابل حمل,,,,,
اسپیکر بلوتوثی قابل حمل جی بی ال مدل JBL Charge 6 بنفش,جی بی ال,1001350,,کالای دیجیتال,اسپیکر,قابل حمل,,,,,
اسپیکر بلوتوثی قابل حمل جی بی ال مدل JBL Charge 6 سبز ارتشی,جی بی ال,1001345,,کالای دیجیتال,اسپیکر,قابل حمل,,,,,
اسپیکر بلوتوثی قابل حمل جی بی ال مدل JBL Charge 6 سفید,جی بی ال,1001352,,کالای دیجیتال,اسپیکر,قابل حمل,,,,,
اسپیکر بلوتوثی قابل حمل جی بی ال مدل JBL Charge 6 صورتی,جی بی ال,1001349,,کالای دیجیتال,اسپیکر,قابل حمل,,,,,
اسپیکر بلوتوثی قابل حمل جی بی ال مدل JBL Charge 6 مشکی,جی بی ال,1001347,,کالای دیجیتال,اسپیکر,قابل حمل,,,,,
اسپیکر بلوتوثی قابل حمل جی بی ال مدل JBL Charge 6 قرمز,جی بی ال,1001346,,کالای دیجیتال,اسپیکر,قابل حمل,,,,,
اسپیکر بلوتوثی قابل حمل جی بی ال مدل Party Box Encore 2 به همراه میکروفون مشکی,جی بی ال,1001354,,کالای دیجیتال,اسپیکر,پارتی‌باکس,,,,,
اسپیکر بلوتوثی قابل حمل جی بی ال مدل JBL Charge 6 خاکی,جی بی ال,1001348,,کالای دیجیتال,اسپیکر,قابل حمل,,,,,
Daria Bond 256GB RAM8GB مشکی,داریا باند,1000791,,کالای دیجیتال,موبایل,,,,,,
هوا پز درما مدل Deerma Electric Oven Air Fryer Kz120W ظرفیت 7.5لیتر مشکی,درما,1001685,,گجت خانگی,گجت خانگی,هواپز و سرخ‌کن,هواپز درما با ظرفیت 7.5 لیتر؛ مناسب پخت روزمره غذا با استفاده کمتر از روغن.,https://drive.google.com/file/d/1tyNvbBrxz67gSXOnJ9Le6LTVFsgxYmVD/view?usp=drivesdk,,,
جارو رباتیک درما مدل X70 مشکی,شیائومی,1001652,,گجت خانگی,گجت خانگی,جارو رباتیک,,,,,
جارو برقی رباتیک دریم مدل Dreame Robot Vacuum Cleaner L10s Pro Gen2 سفید,شیائومی,1001375,,گجت خانگی,گجت خانگی,جارو رباتیک,,,,,
جاروشارژی و زمین شوی روبوراک مدل Rocorock Dyad Air EU(WD2H2A) سفید,روبوراک,1001395,,گجت خانگی,گجت خانگی,جارو شارژی,,,,,
Realme Note 50 128GB RAM 4GB مشکی,ریلمی,1000649,,کالای دیجیتال,موبایل,,,,,,
Realme Note 50 128GB RAM 4GB آبی,ریلمی,1000648,,کالای دیجیتال,موبایل,,,,,,
Galaxy S25 FE 5G 256GB RAM 8GB Vietnam مشکی,سامسونگ,1001459,,کالای دیجیتال,موبایل,,گوشی Galaxy S25 FE 5G از برند سامسونگ با حافظه داخلی 256 گیگابایت و رم 8 گیگابایت؛ مناسب ارتباط، استفاده روزمره و اجرای برنامه‌ها.,https://drive.google.com/file/d/118KcHD1WtzjW6wQqFE8QLvGc5dTu-Pxo/view?usp=drivesdk,,,
Galaxy A56 5G 256GB RAM 8GB Vietnam مشکی,سامسونگ,1000780,,کالای دیجیتال,موبایل,,گوشی Galaxy A56 5G از برند سامسونگ با حافظه داخلی 256 گیگابایت و رم 8 گیگابایت؛ مناسب ارتباط، استفاده روزمره و اجرای برنامه‌ها.,https://drive.google.com/file/d/1U-y_rQ4525MTGW0PqYmvtjT6x9t1eUbY/view?usp=drivesdk,,,
Galaxy A16 128GB RAM 4GB Vietnam مشکی,سامسونگ,1000124,,کالای دیجیتال,موبایل,,گوشی Galaxy A16 از برند سامسونگ با حافظه داخلی 128 گیگابایت و رم 4 گیگابایت؛ مناسب ارتباط، استفاده روزمره و اجرای برنامه‌ها.,https://drive.google.com/file/d/12m9wdL-manDDHbo1ja9qwTlayZLCWhxd/view?usp=drivesdk,,,
ساعت هوشمند سامسونگ مدل Galaxy Fit3 خاکستری,سامسونگ,1001735,,کالای دیجیتال,اکسسوری,ساعت و مچ‌بند هوشمند,,,,,
ساعت هوشمند سامسونگ مدل Galaxy Fit3 نقره ای,سامسونگ,1001732,,کالای دیجیتال,اکسسوری,ساعت و مچ‌بند هوشمند,,,,,
هندزفری بلوتوثی سامسونگ مدل Galaxy Buds3 Pro سفید,سامسونگ,1000310,,کالای دیجیتال,اکسسوری,هدفون و هندزفری,,,,,
هندزفری بلوتوثی سامسونگ مدل Galaxy Buds Core مشکی,سامسونگ,1001625,,کالای دیجیتال,اکسسوری,هدفون و هندزفری,,,,,
Galaxy A05s 128GB RAM 4GB مشکی,سامسونگ,1000170,,کالای دیجیتال,موبایل,,,,,,
Galaxy A05s 128GB RAM 6GB مشکی,سامسونگ,1000016,,کالای دیجیتال,موبایل,,,,,,
Galaxy A05S 64GB RAM 4GB مشکی,سامسونگ,1000017,,کالای دیجیتال,موبایل,,,,,,
Galaxy A05S 64GB RAM 4GB نقره ای,سامسونگ,1000008,,کالای دیجیتال,موبایل,,,,,,
Galaxy A06 128GB RAM 4GB مشکی,سامسونگ,1000041,,کالای دیجیتال,موبایل,,,,,,
Galaxy A06 128GB RAM 6GB مشکی,سامسونگ,1000107,,کالای دیجیتال,موبایل,,,,,,
Galaxy A16 256GB RAM 8GB Vietnam مشکی,سامسونگ,1001062,,کالای دیجیتال,موبایل,,,https://drive.google.com/file/d/12m9wdL-manDDHbo1ja9qwTlayZLCWhxd/view?usp=drivesdk,,,
Galaxy A26 128GB RAM 6GB Vietnam سفید,سامسونگ,1001023,,کالای دیجیتال,موبایل,,,https://drive.google.com/file/d/1lIhDo1fIhuvcYEglBt8wSKuP6XdiqgSB/view?usp=drivesdk,,,
Galaxy A06 64GB RAM 4GB مشکی,سامسونگ,1000111,,کالای دیجیتال,موبایل,,,,,,
Galaxy A16 128GB RAM 4GB Vietnam خاکستری,سامسونگ,1000125,,کالای دیجیتال,موبایل,,گوشی Galaxy A16 از برند سامسونگ با حافظه داخلی 128 گیگابایت و رم 4 گیگابایت؛ مناسب ارتباط، استفاده روزمره و اجرای برنامه‌ها.,https://drive.google.com/file/d/12m9wdL-manDDHbo1ja9qwTlayZLCWhxd/view?usp=drivesdk,,,
Galaxy A16 128GB RAM 6GB Vietnam خاکستری,سامسونگ,1000130,,کالای دیجیتال,موبایل,,,https://drive.google.com/file/d/12m9wdL-manDDHbo1ja9qwTlayZLCWhxd/view?usp=drivesdk,,,
Galaxy A16 128GB RAM 6GB Vietnam مشکی,سامسونگ,1000128,,کالای دیجیتال,موبایل,,,https://drive.google.com/file/d/12m9wdL-manDDHbo1ja9qwTlayZLCWhxd/view?usp=drivesdk,,,
Galaxy A16 256GB RAM 8GB Vietnam خاکستری,سامسونگ,1000684,,کالای دیجیتال,موبایل,,,https://drive.google.com/file/d/12m9wdL-manDDHbo1ja9qwTlayZLCWhxd/view?usp=drivesdk,,,
Galaxy A16 256GB RAM 8GB Vietnam مشکی,سامسونگ,1000604,,کالای دیجیتال,موبایل,,,https://drive.google.com/file/d/12m9wdL-manDDHbo1ja9qwTlayZLCWhxd/view?usp=drivesdk,,,
Galaxy A35 5G 256GB RAM 8GB Vietnam سرمه ای,سامسونگ,1000617,,کالای دیجیتال,موبایل,,,,,,
Galaxy A55 5G 128GB RAM 8GB Vietnam سرمه ای,سامسونگ,1000153,,کالای دیجیتال,موبایل,,,,,,
Galaxy A55 5G 256GB RAM 8GB Vietnam سرمه ای,سامسونگ,1000158,,کالای دیجیتال,موبایل,,,,,,
Galaxy A56 5G 128GB RAM 8GB Vietnam خاکستری روشن,سامسونگ,1000777,,کالای دیجیتال,موبایل,,,https://drive.google.com/file/d/1U-y_rQ4525MTGW0PqYmvtjT6x9t1eUbY/view?usp=drivesdk,,,
Galaxy S24 FE 5G 256GB RAM 8GB Vietnam خاکستری,سامسونگ,1000643,,کالای دیجیتال,موبایل,,,,,,
Galaxy S24 FE 5G 256GB RAM 8GB Vietnam مشکی,سامسونگ,1000606,,کالای دیجیتال,موبایل,,,,,,
Galaxy A36 5G 256GB RAM 8GB Vietnam سفید + بیمه,سامسونگ,1000985,,کالای دیجیتال,موبایل,,,https://drive.google.com/file/d/13mqb1_9cA9proSCH8ORjsUzXVhmruLox/view?usp=drivesdk,,,
Galaxy A36 5G 256GB RAM 8GB Vietnam لیمویی + بیمه,سامسونگ,1000987,,کالای دیجیتال,موبایل,,,https://drive.google.com/file/d/13mqb1_9cA9proSCH8ORjsUzXVhmruLox/view?usp=drivesdk,,,
Galaxy A36 5G 256GB RAM 8GB Vietnam مشکی + بیمه,سامسونگ,1000984,,کالای دیجیتال,موبایل,,,https://drive.google.com/file/d/13mqb1_9cA9proSCH8ORjsUzXVhmruLox/view?usp=drivesdk,,,
Galaxy A56 5G 256GB RAM 8GB Vietnam سبز + بیمه,سامسونگ,1000992,,کالای دیجیتال,موبایل,,,https://drive.google.com/file/d/1U-y_rQ4525MTGW0PqYmvtjT6x9t1eUbY/view?usp=drivesdk,,,
Galaxy A56 5G 256GB RAM 8GB Vietnam صورتی + بیمه,سامسونگ,1000991,,کالای دیجیتال,موبایل,,,https://drive.google.com/file/d/1U-y_rQ4525MTGW0PqYmvtjT6x9t1eUbY/view?usp=drivesdk,,,
Galaxy S24 FE 5G 256GB RAM 8GB Vietnam آبی + بیمه,سامسونگ,1000997,,کالای دیجیتال,موبایل,,,,,,
Galaxy S24 FE 5G 256GB RAM 8GB Vietnam خاکستری + بیمه,سامسونگ,1000996,,کالای دیجیتال,موبایل,,,,,,
Galaxy S24 FE 5G 256GB RAM 8GB Vietnam سبز + بیمه,سامسونگ,1000995,,کالای دیجیتال,موبایل,,,,,,
Galaxy S24 FE 5G 256GB RAM 8GB Vietnam مشکی + بیمه,سامسونگ,1000994,,کالای دیجیتال,موبایل,,,,,,
Galaxy A26 128GB RAM 6GB Vietnam مشکی,سامسونگ,1001024,,کالای دیجیتال,موبایل,,گوشی Galaxy A26 از برند سامسونگ با حافظه داخلی 128 گیگابایت و رم 6 گیگابایت؛ مناسب ارتباط، استفاده روزمره و اجرای برنامه‌ها.,https://drive.google.com/file/d/1lIhDo1fIhuvcYEglBt8wSKuP6XdiqgSB/view?usp=drivesdk,,,
Galaxy A56 5G 256GB RAM 8GB Vietnam خاکستری روشن + بیمه,سامسونگ,1000990,,کالای دیجیتال,موبایل,,,https://drive.google.com/file/d/1U-y_rQ4525MTGW0PqYmvtjT6x9t1eUbY/view?usp=drivesdk,,,
Galaxy A56 5G 256GB RAM 8GB Vietnam مشکی + بیمه,سامسونگ,1000989,,کالای دیجیتال,موبایل,,,https://drive.google.com/file/d/1U-y_rQ4525MTGW0PqYmvtjT6x9t1eUbY/view?usp=drivesdk,,,
Galaxy A36 5G 256GB RAM 8GB Vietnam بنفش + بیمه,سامسونگ,1000986,,کالای دیجیتال,موبایل,,,https://drive.google.com/file/d/13mqb1_9cA9proSCH8ORjsUzXVhmruLox/view?usp=drivesdk,,,
هندزفری بلوتوثی سامسونگ مدل Galaxy Buds FE مشکی,سامسونگ,1000316,,کالای دیجیتال,اکسسوری,هدفون و هندزفری,,,,,
شارژر دیواری 25 وات سامسونگ مدل T2510 3PIN سفید اصل یکماه تعویض و,سامسونگ,1000592,,کالای دیجیتال,شارژر,شارژر دیواری,,,,,
هندزفری بلوتوثی سامسونگ مدل Galaxy Buds2 Pro مشکی,سامسونگ,1000321,,کالای دیجیتال,اکسسوری,هدفون و هندزفری,,,,,
شارژر دیواری 25 وات سامسونگ مدل T2510 3PIN مشکی اصل یکماه تعویض و,سامسونگ,1000593,,کالای دیجیتال,شارژر,شارژر دیواری,,,,,
شارژر دیواری 65 وات سامسونگ مدل T6530NBEGGB 3PIN مشکی اصل یکماه تعویض و,سامسونگ,1000687,,کالای دیجیتال,شارژر,شارژر دیواری,,,,,
Galaxy S24 FE 5G 256GB RAM 8GB Vietnam مشکی,سامسونگ,100606,,کالای دیجیتال,موبایل,,,,,,
Galaxy A26 5G 256GB RAM 8GB Vietnam مشکی,سامسونگ,1001020,,کالای دیجیتال,موبایل,,گوشی Galaxy A26 5G از برند سامسونگ با حافظه داخلی 256 گیگابایت و رم 8 گیگابایت؛ مناسب ارتباط، استفاده روزمره و اجرای برنامه‌ها.,https://drive.google.com/file/d/1lIhDo1fIhuvcYEglBt8wSKuP6XdiqgSB/view?usp=drivesdk,,,
هندزفری بلوتوثی سامسونگ مدل Galaxy Buds 3 سفید,سامسونگ,1000314,,کالای دیجیتال,اکسسوری,هدفون و هندزفری,,,,,
Galaxy A56 5G 256GB RAM 12GB Vietnam مشکی,سامسونگ,1000829,,کالای دیجیتال,موبایل,,,https://drive.google.com/file/d/1U-y_rQ4525MTGW0PqYmvtjT6x9t1eUbY/view?usp=drivesdk,,,
هندزفری بلوتوثی سامسونگ مدل Galaxy Buds 3 نقره ای,سامسونگ,1000313,,کالای دیجیتال,اکسسوری,هدفون و هندزفری,,,,,
Galaxy A17 128GB RAM 4GB Vietnam مشکی,سامسونگ,1001445,,کالای دیجیتال,موبایل,,گوشی Galaxy A17 از برند سامسونگ با حافظه داخلی 128 گیگابایت و رم 4 گیگابایت؛ مناسب ارتباط، استفاده روزمره و اجرای برنامه‌ها.,https://drive.google.com/file/d/1KJG7UbsViRjI9VNNGhaESVM70iXZ15ld/view?usp=drivesdk,,,
Galaxy A17 256GB RAM 8GB Vietnam مشکی,سامسونگ,1001453,,کالای دیجیتال,موبایل,,,https://drive.google.com/file/d/1KJG7UbsViRjI9VNNGhaESVM70iXZ15ld/view?usp=drivesdk,,,
Galaxy A07 128GB RAM 4GB Big Box مشکی,سامسونگ,1001666,,کالای دیجیتال,موبایل,,,,,,
Galaxy A07 128GB RAM 6GB Big Box مشکی,سامسونگ,1001654,,کالای دیجیتال,موبایل,,,,,,
Galaxy A07 64GB RAM 4GB Big Box مشکی,سامسونگ,1001670,,کالای دیجیتال,موبایل,,,,,,
Galaxy A17 128GB RAM 6GB Vietnam مشکی,سامسونگ,1001449,,کالای دیجیتال,موبایل,,,https://drive.google.com/file/d/1KJG7UbsViRjI9VNNGhaESVM70iXZ15ld/view?usp=drivesdk,,,
ساعت هوشمند سامسونگ مدل Galaxy Watch 8 40mm نقره ای,سامسونگ,1001738,,کالای دیجیتال,اکسسوری,ساعت و مچ‌بند هوشمند,,,,,
ساعت هوشمند سامسونگ مدل Galaxy Watch 8 40mm مشکی,سامسونگ,1001737,,کالای دیجیتال,اکسسوری,ساعت و مچ‌بند هوشمند,,,,,
Galaxy S25 FE 5G 256GB RAM 8GB Vietnam سفید,سامسونگ,1001460,,کالای دیجیتال,موبایل,,,https://drive.google.com/file/d/118KcHD1WtzjW6wQqFE8QLvGc5dTu-Pxo/view?usp=drivesdk,,,
Galaxy S25 FE 5G 256GB RAM 8GB Vietnam سرمه ای,سامسونگ,1001458,,کالای دیجیتال,موبایل,,,https://drive.google.com/file/d/118KcHD1WtzjW6wQqFE8QLvGc5dTu-Pxo/view?usp=drivesdk,,,
Galaxy A57 5G 256GB RAM 8GB Vietnam آبی,سامسونگ,1001904,,کالای دیجیتال,موبایل,,,https://drive.google.com/file/d/1yAYjOXZcuRweCBPWo8mogLFB5vlwKXGf/view?usp=drivesdk,,,
Galaxy A57 5G 256GB RAM 8GB Vietnam خاکستری,سامسونگ,1001903,,کالای دیجیتال,موبایل,,گوشی Galaxy A57 5G از برند سامسونگ با حافظه داخلی 256 گیگابایت و رم 8 گیگابایت؛ مناسب ارتباط، استفاده روزمره و اجرای برنامه‌ها.,https://drive.google.com/file/d/1yAYjOXZcuRweCBPWo8mogLFB5vlwKXGf/view?usp=drivesdk,,,
Galaxy A57 5G 256GB RAM 8GB Vietnam سرمه ای,سامسونگ,1001906,,کالای دیجیتال,موبایل,,,https://drive.google.com/file/d/1yAYjOXZcuRweCBPWo8mogLFB5vlwKXGf/view?usp=drivesdk,,,
Galaxy A36 5G 256GB RAM 8GB Vietnam مشکی,سامسونگ,1000826,,کالای دیجیتال,موبایل,,گوشی Galaxy A36 5G از برند سامسونگ با حافظه داخلی 256 گیگابایت و رم 8 گیگابایت؛ مناسب ارتباط، استفاده روزمره و اجرای برنامه‌ها.,https://drive.google.com/file/d/13mqb1_9cA9proSCH8ORjsUzXVhmruLox/view?usp=drivesdk,,,
هندزفری بلوتوثی سامسونگ مدل Galaxy Buds3 Pro نقره ای,سامسونگ,1000311,,کالای دیجیتال,اکسسوری,هدفون و هندزفری,,,,,
هندزفری بلوتوثی سامسونگ مدل Galaxy Buds4 مشکی,سامسونگ,1001806,,کالای دیجیتال,اکسسوری,هدفون و هندزفری,,,,,
هندزفری بلوتوثی سامسونگ مدل Galaxy Buds Core سفید,سامسونگ,1001624,,کالای دیجیتال,اکسسوری,هدفون و هندزفری,,,,,
هندزفری بلوتوثی سامسونگ مدل Galaxy Buds FE سفید,سامسونگ,1000317,,کالای دیجیتال,اکسسوری,هدفون و هندزفری,,,,,
تبلت 8.7 اینچ سامسونگ مدل Samsung Galaxy Tab A11 (X135G) 64GB RAM 4GB نقره ای,سامسونگ,1001917,,کالای دیجیتال,تبلت,,,https://drive.google.com/file/d/1sEUHUFhG4a7AIT1QHd7Tpc17HzbALabd/view?usp=drivesdk,,,
تبلت 8.7 اینچ سامسونگ مدل Samsung Galaxy Tab A11 (X135G) 64GB RAM 4GB خاکستری,سامسونگ,1001918,,کالای دیجیتال,تبلت,,,https://drive.google.com/file/d/1sEUHUFhG4a7AIT1QHd7Tpc17HzbALabd/view?usp=drivesdk,,,
تبلت 8.7 اینچ سامسونگ مدل Samsung Galaxy Tab A11 (X135G) 128GB RAM 8GB نقره ای,سامسونگ,1001919,,کالای دیجیتال,تبلت,,,https://drive.google.com/file/d/1sEUHUFhG4a7AIT1QHd7Tpc17HzbALabd/view?usp=drivesdk,,,
تبلت 8.7 اینچ سامسونگ مدل Samsung Galaxy Tab A11 (X135G) 128GB RAM 8GB خاکستری,سامسونگ,1001920,,کالای دیجیتال,تبلت,,,https://drive.google.com/file/d/1sEUHUFhG4a7AIT1QHd7Tpc17HzbALabd/view?usp=drivesdk,,,
Galaxy A17 128GB RAM 6GB Vietnam خاکستری,سامسونگ,1001451,,کالای دیجیتال,موبایل,,,https://drive.google.com/file/d/1KJG7UbsViRjI9VNNGhaESVM70iXZ15ld/view?usp=drivesdk,,,
کنسول بازی سونی مدل Sony Play Station 5 Slim 1TB CFI 2116 Disk Drive Euro (Standard) سفید,سونی,1001622,,کالای دیجیتال,کنسول بازی,کنسول,کنسول بازی سونی با حافظه 1 ترابایت؛ مناسب بازی و سرگرمی خانگی.,https://drive.google.com/file/d/1U7UHCfdzzQ5sffGfcfXYEVUvLrAtCyou/view?usp=drivesdk,,,
دسته بازی پلی استیشن 5 سونی مدل DUALSENSE CFI-ZCT1W سفید,سونی,1001294,,کالای دیجیتال,کنسول بازی,دسته بازی,دسته بازی سونی برای پلی‌استیشن ۵؛ مناسب کنترل دقیق و بازی راحت‌تر.,https://drive.google.com/file/d/1-FEju00jf7nndiLiSmoaKJ2JLPlXOOsY/view?usp=drivesdk,,,
پایه شارژر دسته پلی استیشن 5 اورجینال مدل Playstation 5 Dualsense Charging Station سفید,سونی,1001698,,کالای دیجیتال,کنسول بازی,پایه شارژ,پایه شارژ دسته پلی‌استیشن ۵؛ مناسب شارژ و نگهداری مرتب دسته‌های بازی.,https://drive.google.com/file/d/1yvPJgBoa2c9ntlP7q6su4yuhlseXuET4/view?usp=drivesdk,,,
کنسول بازی سونی مدل Play Station 5 Slim 1TB 2016 Digital ریجن اروپا سفید,سونی,1001356,,کالای دیجیتال,کنسول بازی,کنسول,,,,,
کنسول بازی سونی مدل Sony Play Station 5 Slim 1TB CFI 2016 Disk Drive Euro (Standard) سفید,سونی,1001284,,کالای دیجیتال,کنسول بازی,کنسول,,,,,
دسته بازی پلی استیشن 5 سونی مدل DUALSENSE CFI-ZCT1W مشکی,سونی,1001326,,کالای دیجیتال,کنسول بازی,دسته بازی,دسته بازی سونی برای پلی‌استیشن ۵؛ مناسب کنترل دقیق و بازی راحت‌تر.,https://drive.google.com/file/d/1HYfTl-Wj6rC_k1bsoz1sQW1CBplRqk9h/view?usp=drivesdk,,,
دسته بازی پلی استیشن 5 سونی مدل DUALSENSE CFI-ZCT2W سفید,سونی,1001627,,کالای دیجیتال,کنسول بازی,دسته بازی,,,,,
کنسول بازی سونی مدل Play Station 5 Slim 825GB 2116 Digital ریجن اروپا سفید,سونی,1001680,,کالای دیجیتال,کنسول بازی,کنسول,,https://drive.google.com/file/d/1o4a9fKvL_FQc1GKcENZuzeb5Kbmurx5A/view?usp=drive_link,,,
Redmi Note 14 Pro 256GB 8GB مشکی,شیائومی,1000620,,کالای دیجیتال,موبایل,,,,,,
Redmi Note 14s 256GB RAM 8GB مشکی,شیائومی,1001066,,کالای دیجیتال,موبایل,,,,,,
Redmi Note 14 256GB RAM 8GB مشکی,شیائومی,1000598,,کالای دیجیتال,موبایل,,,https://drive.google.com/file/d/1jnJHxu1_7Lew1lvwuIXFEY-S3w-jrbtz/view?usp=drive_link,,,
Redmi A5 64GB RAM 3GB مشکی,شیائومی,1001130,,کالای دیجیتال,موبایل,,,https://drive.google.com/file/d/1Vp4dg5vhUmKNw5rYRcbR5clRoIhrXFle/view?usp=drivesdk,,,
دستگاه تصفیه کننده هوا هوشمند شیائومی مدل Air Purifier 4 Lite سفید,شیائومی,1001650,,گجت خانگی,گجت خانگی,تصفیه هوا,دستگاه تصفیه هوای شیائومی؛ مناسب بهبود کیفیت هوای فضای داخلی خانه یا محل کار.,https://drive.google.com/file/d/1afiYP_NPz_-ZGmyfI7RXLqRCz4_jfgQM/view?usp=drivesdk,,,
Poco X7 PRO 5G 512GB RAM 12GB مشکی,شیائومی,1001144,,کالای دیجیتال,موبایل,,,,,,
Poco X7 PRO 5G 512GB RAM 12GB سبز,شیائومی,1001143,,کالای دیجیتال,موبایل,,,,,,
Redmi Note 14 Pro 256GB 8GB آبی,شیائومی,1000713,,کالای دیجیتال,موبایل,,,,,,
Redmi Note 14 Pro 256GB 8GB بنفش,شیائومی,1000712,,کالای دیجیتال,موبایل,,,,,,
Redmi Note 14 Pro Plus 5G 512GB RAM 12GB آبی,شیائومی,1000941,,کالای دیجیتال,موبایل,,,,,,
Poco C71 128GB RAM 4GB مشکی,شیائومی,1001136,,کالای دیجیتال,موبایل,,,https://drive.google.com/file/d/137kHjBwH4jWeSn-3Qnb-0ZI952lK2hWV/view?usp=drivesdk,,,
Poco C71 64GB RAM 3GB مشکی,شیائومی,1001140,,کالای دیجیتال,موبایل,,,https://drive.google.com/file/d/137kHjBwH4jWeSn-3Qnb-0ZI952lK2hWV/view?usp=drivesdk,,,
Redmi A5 128GB RAM 4GB مشکی,شیائومی,1001076,,کالای دیجیتال,موبایل,,,https://drive.google.com/file/d/1Vp4dg5vhUmKNw5rYRcbR5clRoIhrXFle/view?usp=drivesdk,,,
Poco C65 128GB RAM 6GB مشکی,شیائومی,1000645,,کالای دیجیتال,موبایل,,,,,,
Poco C65 256GB RAM 8GB مشکی,شیائومی,1000047,,کالای دیجیتال,موبایل,,,,,,
Poco C75 256GB RAM 8GB مشکی,شیائومی,1000677,,کالای دیجیتال,موبایل,,,,,,
Poco M5s 256GB RAM 8GB خاکستری,شیائومی,1000552,,کالای دیجیتال,موبایل,,,,,,
Poco M6 Pro 256GB RAM 8GB مشکی,شیائومی,1000554,,کالای دیجیتال,موبایل,,,,,,
Poco X6 PRO 5G 512GB RAM 12GB خاکستری,شیائومی,1000077,,کالای دیجیتال,موبایل,,,,,,
Redmi 13X 256GB RAM 8GBمشکی,شیائومی,1001127,,کالای دیجیتال,موبایل,,,https://drive.google.com/file/d/1DS5-h02DRTkgG7beyt-lAQMoKOTrORf_/view?usp=drivesdk,,,
Poco X6 PRO 5G 512GB RAM 12GB مشکی,شیائومی,1000076,,کالای دیجیتال,موبایل,,,,,,
Redmi 13 256GB RAM 8GB مشکی,شیائومی,1000218,,کالای دیجیتال,موبایل,,,,,,
Redmi 14C 128GB RAM 6GB مشکی,شیائومی,1000210,,کالای دیجیتال,موبایل,,,,,,
Redmi 14C 256GB RAM 8GB مشکی,شیائومی,1000205,,کالای دیجیتال,موبایل,,,,,,
Redmi A3 128GB RAM 4GB مشکی,شیائومی,1000189,,کالای دیجیتال,موبایل,,,,,,
Redmi A3X 128GB RAM 4GB سفید,شیائومی,1000185,,کالای دیجیتال,موبایل,,,,,,
Redmi A3X 128GB RAM 4GB مشکی,شیائومی,1000187,,کالای دیجیتال,موبایل,,,,,,
Redmi A3X 64GB RAM 3GB سفید,شیائومی,1000182,,کالای دیجیتال,موبایل,,,,,,
Redmi A3X 64GB RAM 3GB مشکی,شیائومی,1000183,,کالای دیجیتال,موبایل,,,,,,
Redmi Note 14 Pro 512GB RAM 12GB مشکی,شیائومی,1000548,,کالای دیجیتال,موبایل,,,,,,
Redmi Note 14 Pro 5G 512GB 12GB مشکی,شیائومی,1000625,,کالای دیجیتال,موبایل,,,,,,
Redmi Note 14 Pro Plus 5G 512GB RAM 12GB مشکی,شیائومی,1000550,,کالای دیجیتال,موبایل,,,,,,
جاروبرقی شیائومی مدل Deerma Vacuum Cleaner DX700 Pro مشکی,شیائومی,1000833,,گجت خانگی,گجت خانگی,جارو برقی,,,,,
جاروبرقی شیائومی مدل Deerma Vacuum Cleaner DX115C Pro مشکی,شیائومی,1000835,,گجت خانگی,گجت خانگی,جارو برقی,,,,,
جاروبرقی شیائومی مدل Xiaomi Deerma DX120C خاکستری,شیائومی,1001052,,گجت خانگی,گجت خانگی,جارو برقی,جارو درما با طراحی کاربردی؛ مناسب نظافت سریع و روزمره سطوح خانه.,https://drive.google.com/file/d/1o8Rjep8O3wcyCDFCj2OEywKSbS2s0Xgn/view?usp=drivesdk,,,
جارو شیائومی Xiaomi Deerma Vacuum Cleaner DX118C Pro سرمه ای تیره,شیائومی,1001272,,گجت خانگی,گجت خانگی,جارو برقی,,,,,
جاروبرقی شیائومی Xiaomi Deerma Vacuum Cleaner DX888 سفید,شیائومی,1001276,,گجت خانگی,گجت خانگی,جارو برقی,,,,,
جاروشارژی شیائومی Xiaomi Deerma Vacuum Cleaner DX700S مشکی,شیائومی,1001282,,گجت خانگی,گجت خانگی,جارو شارژی,,,,,
جاروشارژی شیائومی Xiaomi Deerma Handheld Vacuum Cleaner VC20 Plus سفید,شیائومی,1001278,,گجت خانگی,گجت خانگی,جارو شارژی,,,,,
جارو شارژی شیائومی مدل Xiaomi Deerma Duble Roller Wireless Floor Cleaner VX96W مشکی,شیائومی,1001054,,گجت خانگی,گجت خانگی,جارو شارژی,,,,,
جاروبرقی شیائومی مدل Deerma Horizontal Vacuum Cleaner DEM-TJ310W سفید,شیائومی,1000716,,گجت خانگی,گجت خانگی,جارو برقی,,,,,
رطوبت ساز شیائومی مدل Xiaomi Deerma Air Humidifier 5L F628S سفید,شیائومی,1001056,,گجت خانگی,گجت خانگی,رطوبت‌ساز,,,,,
پلوپز و قابلمه برقی شیائومی مدل Xiaomi Deerma Healthy Pot DG50 سفید,شیائومی,1001058,,گجت خانگی,گجت خانگی,پلوپز,,,,,
چرخ گوشت و غذاساز چند کاره شیائومی مدل Xiaomi Deerma Meat Grinder JR10W سفید,شیائومی,1001060,,گجت خانگی,گجت خانگی,چرخ گوشت,,,,,
اتوبخار شیائومی مدل Mijia Standing Garment Steamer Ironing Board ZQGT J02KL سفید,شیائومی,1000722,,گجت خانگی,گجت خانگی,اتو بخار,,,,,
اسپرسوساز شیائومی مدل Mini Espresso (CF18001BGC) مشکی,شیائومی,1000740,,گجت خانگی,گجت خانگی,اسپرسوساز,,,,,
اسپرسوساز شیائومی مدل Mini Espresso Maker (CF-2401) مشکی,شیائومی,1000738,,گجت خانگی,گجت خانگی,اسپرسوساز,,,,,
بخارشوی شیائومی مدل Deerma Multifunctional Steam Cleaner Dem-ZQ610 سفید,شیائومی,1000720,,گجت خانگی,گجت خانگی,بخارشوی,,,,,
توستر شیائومی مدل Xiaomi Toaster (XMTSJ01FD) مشکی,شیائومی,1000728,,گجت خانگی,گجت خانگی,توستر,,,,,
رطوبت ساز هوشمند شیائومی مدل Deerma F951W سفید,شیائومی,1000730,,گجت خانگی,گجت خانگی,رطوبت‌ساز,,,,,
غذاساز چند کاره شیائومی مدل Deerma Multifunctional Cooking Blender NU500W سفید,شیائومی,1000736,,گجت خانگی,گجت خانگی,غذاساز,,,,,
کتری برقی شیائومی مدل Xiaomi Smart Kettle Pro 2 (MJJYSH01-A) سفید,شیائومی,1000732,,گجت خانگی,گجت خانگی,کتری برقی,,,,,
مخلوط کن شیائومی مدل Deerma Mini Juice Blender DEM-NU05 صورتی,شیائومی,1000734,,گجت خانگی,گجت خانگی,مخلوط‌کن,,,,,
هوا پز شیائومی مدل Mi Smart Air Fryer Essential 6L (MAF13) سفید,شیائومی,1000724,,گجت خانگی,گجت خانگی,هواپز و سرخ‌کن,هواپز شیائومی؛ مناسب پخت روزمره غذا با استفاده کمتر از روغن.,https://drive.google.com/file/d/1bRK1U24GKJySTmIyVAE6CD0VfbbddCvG/view?usp=drivesdk,,,
هوا پز شیائومی مدل Silencare Smart Air Fryer 3L (SC-K505) سفید,شیائومی,1000726,,گجت خانگی,گجت خانگی,هواپز و سرخ‌کن,,,,,
ماساژور شیائومی مدل Xiaomi Smart Neck Massager (MJNKAM01SKS) خاکستری,شیائومی,1000974,,گجت خانگی,گجت خانگی,ماساژور,,,,,
سرخ کن شیاومى مدل MAF10 ظرفیت 6.5 لیتر 1800 وات مشکى (18 ماه کارانتى شرکتى),شیائومی,1001094,,گجت خانگی,گجت خانگی,هواپز و سرخ‌کن,,,,,
پاوربانک شیائومی مدل Redmi PB100LZM ظرفیت 10000 میلی آمپر ساعت به همراه کابل تبدیل microUSB مشکی,شیائومی,1000503,,کالای دیجیتال,شارژر,پاوربانک,,,,,
پاوربانک شیائومی مدل Redmi PB200LZM ظرفیت 20000 میلی آمپر ساعت به همراه کابل تبدیل microUSB مشکی,شیائومی,1000501,,کالای دیجیتال,شارژر,پاوربانک,پاوربانک شیائومی با ظرفیت 20000 میلی‌آمپرساعت؛ مناسب شارژ همراه دستگاه‌های سازگار.,https://drive.google.com/file/d/15wI1ulK0P5xsvIEQWlBnVCVSWzWF0KZl/view?usp=drivesdk,,,
پاوربانک شیائومی Xiaomi Mi PB3018ZMظرفیت 30000 میلی آمپر ساعت مشکی,شیائومی,1001274,,کالای دیجیتال,شارژر,پاوربانک,,,,,
سشوار مسافرتی شیائومی Xiaomi Compact Hair Dryer H101(CMJ04LXEU) صورتی,شیائومی,1001280,,کالای دیجیتال,اکسسوری,آرایشی و بهداشتی,,,,,
متر لیزری شیائومی مدل Xiaomi Smart Laser Measure (MJJGCJYD001QW) مشکی,شیائومی,1001286,,گجت خانگی,گجت خانگی,متر لیزری,,,,,
هوا پز شیائومی مدل Xiaomi Smart Air Fryer 4.5L (MAF14) سفید,شیائومی,1000911,,گجت خانگی,گجت خانگی,هواپز و سرخ‌کن,,,,,
هوا پز شیائومی مدل Xiaomi Mi Smart Air Fryer 3.5L EU (MAF02) سفید,شیائومی,1001096,,گجت خانگی,گجت خانگی,هواپز و سرخ‌کن,,,,,
جاروبرقی شیائومی مدل Xiaomi Deerma DX600 مشکی,شیائومی,1001364,,گجت خانگی,گجت خانگی,جارو برقی,,,,,
اتو بخار دستی شیائومی مدل Mijia Steam Garment Handheld 2 سفید,شیائومی,1001381,,گجت خانگی,گجت خانگی,اتو بخار,,,,,
مخلوط کن شیائومی مدل Xiaomi Blender Pro(MJPBJ01DEMGB) سفید,شیائومی,1001370,,گجت خانگی,گجت خانگی,مخلوط‌کن,,,,,
اسپرسو ساز مسافرتی شیائومی مدل Espressp Maker KF-JN-02 مشکی,شیائومی,1001366,,گجت خانگی,گجت خانگی,اسپرسوساز,,,,,
آبمیوه گیری و مخلوط کن قابل حمل شیائومی مدل Mi Portable Fruit Juicer(MJZZB02PL) 300ML سفید,شیائومی,1001368,,گجت خانگی,گجت خانگی,آبمیوه‌گیر,,,,,
ماگ و مخلوط کن شارژی درما مدل Deerma Portable Jucer Blender NU90 سفید,شیائومی,1001397,,گجت خانگی,گجت خانگی,ماگ,,,,,
برس حرارتی بی سیم شیائومی مدل Xiaomi Cordless Hair Straightener Brush سفید,شیائومی,1001383,,کالای دیجیتال,اکسسوری,آرایشی و بهداشتی,,,,,
ترازوی هوشمند شیائومی مدل Xiaomi Smart Scale S200 سفید,شیائومی,1001379,,گجت خانگی,گجت خانگی,ترازو,,,,,
جاروبرقی رباتیک شیائومی مدل Xiaomi Rovot Vacuum Cleaner E5 سفید,شیائومی,1001372,,گجت خانگی,گجت خانگی,جارو رباتیک,,,,,
زودپز برقی چند منظوره شیائومی مدل Xiaomi MYL02 4/8L سفید,شیائومی,1001387,,گجت خانگی,گجت خانگی,زودپز,,,,,
جاروبرقی رباتیک شیائومی مدل Xiaomi Rovot Vacuum Cleaner E5 مشکی,شیائومی,1001373,,گجت خانگی,گجت خانگی,جارو رباتیک,,,,,
هوا پز شیائومی مدل MAF10 ظرفیت 6.5 لیتر 1800 وات سفید,شیائومی,1001093,,گجت خانگی,گجت خانگی,هواپز و سرخ‌کن,,,,,
اسپیکر شیائومی مدل Xiaomi Sound Outdoor 30W (MDZ-38-DB) مشکی,شیائومی,1001292,,کالای دیجیتال,اسپیکر,سایر اسپیکرها,,,,,
Poco C85 256GB RAM 8GB مشکی,شیائومی,1001362,,کالای دیجیتال,موبایل,,,https://drive.google.com/file/d/1mvkFM1TU-SjdxUNJwi4Hd0aoyRp3Eku_/view?usp=drivesdk,,,
پاوربانک شیائومی 20000 میلی آمپر 33 وات مدل Xiaomi Power Bank PB2030MI کرم,شیائومی,1001329,,کالای دیجیتال,شارژر,پاوربانک,,,,,
پاوربانک شیائومی 20000 میلی آمپر 33 وات مدل Xiaomi Power Bank PB2030MI سرمه ای,شیائومی,1001328,,کالای دیجیتال,شارژر,پاوربانک,,,,,
جاروبرقی شیائومی Xiaomi Deerma Vacuum Cleaner DX700 سفید,شیائومی,1001518,,گجت خانگی,گجت خانگی,جارو برقی,,,,,
جاروبرقی شیائومی مدل Deerma Vacuum Cleaner DX900 مشکی,شیائومی,1001520,,گجت خانگی,گجت خانگی,جارو برقی,,,,,
Redmi 15 256GB RAM 8GB خاکستری,شیائومی,1001539,,کالای دیجیتال,موبایل,,,,,,
Redmi 15 256GB RAM 8GB مشکی,شیائومی,1001538,,کالای دیجیتال,موبایل,,,,,,
هوا پز درما مدل Deerma Electric Oven Air Fryer Kz150W ظرفیت 8لیتر مشکی,شیائومی,1001611,,گجت خانگی,گجت خانگی,هواپز و سرخ‌کن,,,,,
جارو رباتیک شیائومی مدل S40 Pro سفید,شیائومی,1001613,,گجت خانگی,گجت خانگی,جارو رباتیک,جارو رباتیک شیائومی؛ مناسب نظافت خودکار و برنامه‌ریزی‌شده سطوح خانه.,https://drive.google.com/file/d/1WcEMPdS_eybUgwRLs7A_mhpieCrewxoK/view?usp=drivesdk,,,
جارو رباتیک شیائومی مدل S40 سفید,شیائومی,1001630,,گجت خانگی,گجت خانگی,جارو رباتیک,جارو رباتیک شیائومی؛ مناسب نظافت خودکار و برنامه‌ریزی‌شده سطوح خانه.,https://drive.google.com/file/d/1CmkVGZtDd6xqwXX0aBpMvnyZW46_LGVv/view?usp=drivesdk,,,
Redmi A3 pro 128GB RAM 4GB مشکی,شیائومی,1001682,,کالای دیجیتال,موبایل,,,,,,
پاوربانک 165وات شیائومی مدل Xiaomi PB1165MI ظرفیت 10000میلی آمپر ساعت خاکستری,شیائومی,1001757,,کالای دیجیتال,شارژر,پاوربانک,پاوربانک شیائومی با ظرفیت 10000 میلی‌آمپرساعت و توان 165 وات؛ مناسب شارژ همراه دستگاه‌های سازگار.,https://drive.google.com/file/d/1ypgV2GRAzm1SiWdJ6o2Ih_0o3OPokd7C/view?usp=drivesdk,,,
پاوربانک 212 وات شیائومی مدل Xiaomi P03MI ظرفیت 25000 میلی آمپر ساعت مشکی,شیائومی,1001759,,کالای دیجیتال,شارژر,پاوربانک,پاوربانک شیائومی با ظرفیت 25000 میلی‌آمپرساعت و توان 212 وات؛ مناسب شارژ همراه دستگاه‌های سازگار.,https://drive.google.com/file/d/1nRL5u1P95EOVh04-0v1QxPQ45eHAM6Fp/view?usp=drivesdk,,,
پاوربانک 22/5 وات شیائومی مدل Xiaomi PB2020MI ظرفیت 20000 میلی آمپرساعت خاکستری تیره,شیائومی,1001761,,کالای دیجیتال,شارژر,پاوربانک,پاوربانک شیائومی با ظرفیت 20000 میلی‌آمپرساعت و توان 22/5 وات؛ مناسب شارژ همراه دستگاه‌های سازگار.,https://drive.google.com/file/d/1sfUJq_kZFmtnN0wX_vjs5AUp7LowULlH/view?usp=drivesdk,,,
پاوربانک 22/5 وات شیائومی مدل Xiaomi PB2020MI ظرفیت 20000 میلی آمپرساعت خاکستری روشن,شیائومی,1001762,,کالای دیجیتال,شارژر,پاوربانک,پاوربانک شیائومی با ظرفیت 20000 میلی‌آمپرساعت و توان 22/5 وات؛ مناسب شارژ همراه دستگاه‌های سازگار.,https://drive.google.com/file/d/1sfUJq_kZFmtnN0wX_vjs5AUp7LowULlH/view?usp=drivesdk,,,
Redmi 15C 256GB RAM 8GB مشکی,شیائومی,1001490,,کالای دیجیتال,موبایل,,گوشی Redmi 15C از برند شیائومی با حافظه داخلی 256 گیگابایت و رم 8 گیگابایت؛ مناسب ارتباط، استفاده روزمره و اجرای برنامه‌ها.,https://drive.google.com/file/d/1eAz-LIzide3E3thQBzOHsohZ9dyr43ij/view?usp=drivesdk,,,
پنکه ایستاده ۲۴ وات شیائومی مدل Xiaomi Smart Tower Fan2 سفید,شیائومی,1001851,,گجت خانگی,گجت خانگی,پنکه,,,,,
جارو شارژی درما مدل Deerma Vacuum Cleaner DX118c سفید,شیائومی,1001849,,گجت خانگی,گجت خانگی,جارو شارژی,جارو درما با طراحی کاربردی؛ مناسب نظافت سریع و روزمره سطوح خانه.,https://drive.google.com/file/d/1PtA_nMgDhcghz_Qpy8-YzL5mjyAl45Vp/view?usp=drivesdk,,,
Redmi Note 15 Pro 256GB 8GB مشکی,شیائومی,1001705,,کالای دیجیتال,موبایل,,,https://drive.google.com/file/d/1FlkhSVUk8WJh2_m0JANmGGGvqMF6OTRA/view?usp=drivesdk,,,
Poco M7 256GB RAM 8GB Xiaomi مشکی,شیائومی,1001547,,کالای دیجیتال,موبایل,,,,,,
جارو رباتیک شیائومی مدل Xiaomi Robot Vacuum Cleaner H50 سفید,شیائومی,1001927,,گجت خانگی,گجت خانگی,جارو رباتیک,جارو رباتیک شیائومی؛ مناسب نظافت خودکار و برنامه‌ریزی‌شده سطوح خانه.,https://drive.google.com/file/d/1iaphscNXvmVZn856cIqn-1sjBxydR0El/view?usp=drivesdk,,,
قهوه ساز کپسولی میجیا مدل Mijia Capsule Coffee Machine N1 سفید,شیائومی,1001929,,گجت خانگی,گجت خانگی,قهوه‌ساز,,,,,
قهوه ساز کپسولی میجیا مدل Mijia Capsule Coffee Machine N1 مشکی,شیائومی,1001930,,گجت خانگی,گجت خانگی,قهوه‌ساز,,,,,
اسپیکر بلوتوثی قابل حمل جی بی ال مدل JBL Party Box 130 مشکی,جی بی ال,1001925,,کالای دیجیتال,اسپیکر,پارتی‌باکس,اسپیکر بلوتوثی قابل‌حمل جی بی ال؛ مناسب پخش موسیقی، مهمانی و دورهمی با اتصال بی‌سیم.,https://drive.google.com/file/d/1OvGc7VxhnAl83KWCs_XoWJab0DtZZgnK/view?usp=drivesdk,,,
هواپز هوشمند شیائومی مدل Xiaomi Air Fryer Dual Zone MAF-D1001 ظرفیت 10 لیتر مشکی,شیائومی,1001932,,گجت خانگی,گجت خانگی,هواپز و سرخ‌کن,هواپز شیائومی با ظرفیت 10 لیتر؛ مناسب پخت روزمره غذا با استفاده کمتر از روغن.,https://drive.google.com/file/d/17T7NfbImT7bwlm9ozR6XrOsHq79nZ76m/view?usp=drivesdk,,,
پاوربانک 22.5 وات فونیکس مدل Fownix G01 ظرفیت 20000 میلی آمپرساعت سفید,فونیکس,1001747,,کالای دیجیتال,شارژر,پاوربانک,,,,,
پاوربانک 22.5 وات فونیکس مدل Fownix G01 ظرفیت 20000 میلی آمپرساعت مشکی,فونیکس,1001746,,کالای دیجیتال,شارژر,پاوربانک,,,,,
اسپرسو ساز شارژی قابل حمل کاپادلی مدل Capadeli Impetus (ME2409) سفید,کاپادلی,1001391,,گجت خانگی,گجت خانگی,اسپرسوساز,,,,,
هندزفری بلوتوثی کیو سی وای مدل T13 TWS مشکی,کیو سی وای,1000859,,کالای دیجیتال,اکسسوری,هدفون و هندزفری,,,,,
ساعت هوشمند ناتینگ مدل CMF Watch Pro 2 سایز 45 میلی متر آبی,ناتینگ,1001691,,کالای دیجیتال,اکسسوری,ساعت و مچ‌بند هوشمند,,,,,
هدفون بلوتوثی ناتینگ مدل Nothing Headphone 1 مشکی,ناتینگ,1001846,,کالای دیجیتال,اکسسوری,هدفون و هندزفری,هدفون بلوتوثی ناتینگ؛ مناسب مکالمه و پخش موسیقی با اتصال بی‌سیم.,https://drive.google.com/file/d/1TgWLaGrie7FaV7nj7XRY5yepUcwVRIA6/view?usp=drivesdk,,,
هندزفری بلوتوثی ناتینگ مدل CMF Buds Pro نارنجی,ناتینگ,1001822,,کالای دیجیتال,اکسسوری,هدفون و هندزفری,هندزفری بلوتوثی ناتینگ؛ مناسب مکالمه و پخش موسیقی با اتصال بی‌سیم.,https://drive.google.com/file/d/1RONA5b8pA2NLdS-AEP_QDDyIPMu0eEqc/view?usp=drivesdk,,,
Nokia 105 FA 2023 (مونتاژ ایران تحت لیسانس نوکیا) خاکستری,نوکیا,1000254,,کالای دیجیتال,موبایل,,,,,,
Nokia 106 FA 2023 (مونتاژ ایران تحت لیسانس نوکیا) خاکستری,نوکیا,100590,,کالای دیجیتال,موبایل,,,https://drive.google.com/file/d/1OxzhMUgdBK_OtPkVI0Od1eSPeasi76Zz/view?usp=drivesdk,,,
Nokia 110 FA 2023 (مونتاژ ایران تحت لیسانس نوکیا) خاکستری,نوکیا,1000257,,کالای دیجیتال,موبایل,,,,,,
Nokia 105 FA 2024 (مونتاژ ایران تحت لیسانس نوکیا) تلکام پارس مشکی,نوکیا,1001770,,کالای دیجیتال,موبایل,,گوشی ساده نوکیا با کاربری آسان و طراحی جمع‌وجور؛ مناسب تماس، پیامک و استفاده روزمره.,https://drive.google.com/file/d/1zavRSNOlso79Bnu5qEyXVJcIBHE7Eaeu/view?usp=drivesdk,,,
Nokia 110 FA 2024 (مونتاژ ایران تحت لیسانس نوکیا) تلکام پارس مشکی,نوکیا,1001772,,کالای دیجیتال,موبایل,,گوشی ساده نوکیا با کاربری آسان و طراحی جمع‌وجور؛ مناسب تماس، پیامک و استفاده روزمره.,https://drive.google.com/file/d/1dIl0MMU3uJJs_qB1CFSfy4jlOvncqnT2/view?usp=drivesdk,,,
Nokia 3210 FA 2024 (مونتاژ ایران تحت لیسانس نوکیا) تلکام پارس مشکی,نوکیا,1001774,,کالای دیجیتال,موبایل,,گوشی ساده نوکیا با کاربری آسان و طراحی جمع‌وجور؛ مناسب تماس، پیامک و استفاده روزمره.,https://drive.google.com/file/d/1z7_Gzw1HMUZmTlMFxOgJpCBwWH2_KG7c/view?usp=drivesdk,,,
اسپیکر هارمن کاردن مدل Aura Studio 3 مشکی,هارمن کاردن,1000762,,کالای دیجیتال,اسپیکر,سایر اسپیکرها,,,,,
اسپیکر بلوتوثی قابل حمل هارمن کاردن مدل Onyx Studio 9 مشکی,هارمن کاردن,1001358,,کالای دیجیتال,اسپیکر,قابل حمل,,,,,
Honor Play10 64GB RAM 3GB مشکی,آنر,1001867,,کالای دیجیتال,موبایل,,گوشی Honor Play10 از برند آنر با حافظه داخلی 64 گیگابایت و رم 3 گیگابایت؛ مناسب ارتباط، استفاده روزمره و اجرای برنامه‌ها.,https://drive.google.com/file/d/1BR8efkoAXwKqh5MKt9DjiQSPOBPeZABZ/view?usp=drivesdk,,,
Honor Play10 64GB RAM 3GB بنفش,آنر,1001869,,کالای دیجیتال,موبایل,,گوشی Honor Play10 از برند آنر با حافظه داخلی 64 گیگابایت و رم 3 گیگابایت؛ مناسب ارتباط، استفاده روزمره و اجرای برنامه‌ها.,https://drive.google.com/file/d/1BR8efkoAXwKqh5MKt9DjiQSPOBPeZABZ/view?usp=drivesdk,,,
Honor Play10 64GB RAM 3GB آبی فیروزه ای,آنر,1001868,,کالای دیجیتال,موبایل,,گوشی Honor Play10 از برند آنر با حافظه داخلی 64 گیگابایت و رم 3 گیگابایت؛ مناسب ارتباط، استفاده روزمره و اجرای برنامه‌ها.,https://drive.google.com/file/d/1BR8efkoAXwKqh5MKt9DjiQSPOBPeZABZ/view?usp=drivesdk,,,
Honor X7e 128GB RAM 6GB آبی,آنر,1001943,,کالای دیجیتال,موبایل,,گوشی Honor X7e از برند آنر با حافظه داخلی 128 گیگابایت و رم 6 گیگابایت؛ مناسب ارتباط، استفاده روزمره و اجرای برنامه‌ها.,https://drive.google.com/file/d/1B1YBOdmG5K_PyMPC2XsduFhCzkoEC0zQ/view?usp=drivesdk,,,
Honor X7e 128GB RAM 6GB مشکی,آنر,1001942,,کالای دیجیتال,موبایل,,گوشی Honor X7e از برند آنر با حافظه داخلی 128 گیگابایت و رم 6 گیگابایت؛ مناسب ارتباط، استفاده روزمره و اجرای برنامه‌ها.,https://drive.google.com/file/d/1B1YBOdmG5K_PyMPC2XsduFhCzkoEC0zQ/view?usp=drivesdk,,,
Honor X7e 128GB RAM 6GB نارنجی,آنر,1001944,,کالای دیجیتال,موبایل,,گوشی Honor X7e از برند آنر با حافظه داخلی 128 گیگابایت و رم 6 گیگابایت؛ مناسب ارتباط، استفاده روزمره و اجرای برنامه‌ها.,https://drive.google.com/file/d/1B1YBOdmG5K_PyMPC2XsduFhCzkoEC0zQ/view?usp=drivesdk,,,
Honor X7e 256GB RAM 6GB آبی,آنر,1001947,,کالای دیجیتال,موبایل,,گوشی Honor X7e از برند آنر با حافظه داخلی 256 گیگابایت و رم 6 گیگابایت؛ مناسب ارتباط، استفاده روزمره و اجرای برنامه‌ها.,https://drive.google.com/file/d/1B1YBOdmG5K_PyMPC2XsduFhCzkoEC0zQ/view?usp=drivesdk,,,
Honor X7e 256GB RAM 6GB مشکی,آنر,1001946,,کالای دیجیتال,موبایل,,گوشی Honor X7e از برند آنر با حافظه داخلی 256 گیگابایت و رم 6 گیگابایت؛ مناسب ارتباط، استفاده روزمره و اجرای برنامه‌ها.,https://drive.google.com/file/d/1B1YBOdmG5K_PyMPC2XsduFhCzkoEC0zQ/view?usp=drivesdk,,,
Honor X7e 256GB RAM 6GB نارنجی,آنر,1001948,,کالای دیجیتال,موبایل,,گوشی Honor X7e از برند آنر با حافظه داخلی 256 گیگابایت و رم 6 گیگابایت؛ مناسب ارتباط، استفاده روزمره و اجرای برنامه‌ها.,https://drive.google.com/file/d/1B1YBOdmG5K_PyMPC2XsduFhCzkoEC0zQ/view?usp=drivesdk,,,
Honor X8d 256GB RAM 8GB آبی,آنر,1001952,,کالای دیجیتال,موبایل,,گوشی Honor X8d از برند آنر با حافظه داخلی 256 گیگابایت و رم 8 گیگابایت؛ مناسب ارتباط، استفاده روزمره و اجرای برنامه‌ها.,https://drive.google.com/file/d/1HwI4UkwjNztbOx6JMJnsjQHRrg-mPwkG/view?usp=drivesdk,,,
Honor X8d 256GB RAM 8GB خاکستری,آنر,1001951,,کالای دیجیتال,موبایل,,گوشی Honor X8d از برند آنر با حافظه داخلی 256 گیگابایت و رم 8 گیگابایت؛ مناسب ارتباط، استفاده روزمره و اجرای برنامه‌ها.,https://drive.google.com/file/d/1HwI4UkwjNztbOx6JMJnsjQHRrg-mPwkG/view?usp=drivesdk,,,
Honor X8d 256GB RAM 8GB مشکی,آنر,1001950,,کالای دیجیتال,موبایل,,گوشی Honor X8d از برند آنر با حافظه داخلی 256 گیگابایت و رم 8 گیگابایت؛ مناسب ارتباط، استفاده روزمره و اجرای برنامه‌ها.,https://drive.google.com/file/d/1HwI4UkwjNztbOx6JMJnsjQHRrg-mPwkG/view?usp=drivesdk,,,
Honor X8d 512GB RAM 8GB خاکستری,آنر,1001955,,کالای دیجیتال,موبایل,,,https://drive.google.com/file/d/1HwI4UkwjNztbOx6JMJnsjQHRrg-mPwkG/view?usp=drivesdk,,,
Honor X8d 512GB RAM 8GB مشکی,آنر,1001954,,کالای دیجیتال,موبایل,,گوشی Honor X8d از برند آنر با حافظه داخلی 512 گیگابایت و رم 8 گیگابایت؛ مناسب ارتباط، استفاده روزمره و اجرای برنامه‌ها.,https://drive.google.com/file/d/1HwI4UkwjNztbOx6JMJnsjQHRrg-mPwkG/view?usp=drivesdk,,,
Honor 600 256GB RAM 8GB سفید,آنر,1001965,,کالای دیجیتال,موبایل,,گوشی Honor 600 از برند آنر با حافظه داخلی 256 گیگابایت و رم 8 گیگابایت؛ مناسب ارتباط، استفاده روزمره و اجرای برنامه‌ها.,https://drive.google.com/file/d/1cKsBcrttMtho71Xt83DvQ8r4Unt8GpKe/view?usp=drivesdk,,,
Honor 600 256GB RAM 8GB مشکی,آنر,1001964,,کالای دیجیتال,موبایل,,گوشی Honor 600 از برند آنر با حافظه داخلی 256 گیگابایت و رم 8 گیگابایت؛ مناسب ارتباط، استفاده روزمره و اجرای برنامه‌ها.,https://drive.google.com/file/d/1cKsBcrttMtho71Xt83DvQ8r4Unt8GpKe/view?usp=drivesdk,,,
Honor 600 256GB RAM 8GB نارنجی,آنر,1001966,,کالای دیجیتال,موبایل,,,https://drive.google.com/file/d/1cKsBcrttMtho71Xt83DvQ8r4Unt8GpKe/view?usp=drivesdk,,,
Honor 600 256GB RAM 12GB سفید,آنر,1001969,,کالای دیجیتال,موبایل,,گوشی Honor 600 از برند آنر با حافظه داخلی 256 گیگابایت و رم 12 گیگابایت؛ مناسب ارتباط، استفاده روزمره و اجرای برنامه‌ها.,https://drive.google.com/file/d/1cKsBcrttMtho71Xt83DvQ8r4Unt8GpKe/view?usp=drivesdk,,,
Honor 600 256GB RAM 12GB مشکی,آنر,1001968,,کالای دیجیتال,موبایل,,گوشی Honor 600 از برند آنر با حافظه داخلی 256 گیگابایت و رم 12 گیگابایت؛ مناسب ارتباط، استفاده روزمره و اجرای برنامه‌ها.,https://drive.google.com/file/d/1cKsBcrttMtho71Xt83DvQ8r4Unt8GpKe/view?usp=drivesdk,,,
Honor 600 256GB RAM 12GB نارنجی,آنر,1001970,,کالای دیجیتال,موبایل,,گوشی Honor 600 از برند آنر با حافظه داخلی 256 گیگابایت و رم 12 گیگابایت؛ مناسب ارتباط، استفاده روزمره و اجرای برنامه‌ها.,https://drive.google.com/file/d/1cKsBcrttMtho71Xt83DvQ8r4Unt8GpKe/view?usp=drivesdk,,,
Honor 600 Lite 128GB RAM 8GB طلایی,آنر,1001958,,کالای دیجیتال,موبایل,,گوشی Honor 600 Lite از برند آنر با حافظه داخلی 128 گیگابایت و رم 8 گیگابایت؛ مناسب ارتباط، استفاده روزمره و اجرای برنامه‌ها.,https://drive.google.com/file/d/19tVK0oTStuBWF2KGR_NVIWjYdDm55Qgo/view?usp=drivesdk,,,
Honor 600 Lite 128GB RAM 8GB مشکی,آنر,1001957,,کالای دیجیتال,موبایل,,گوشی Honor 600 Lite از برند آنر با حافظه داخلی 128 گیگابایت و رم 8 گیگابایت؛ مناسب ارتباط، استفاده روزمره و اجرای برنامه‌ها.,https://drive.google.com/file/d/19tVK0oTStuBWF2KGR_NVIWjYdDm55Qgo/view?usp=drivesdk,,,
Honor 600 Lite 256GB RAM 8GB خاکستری,آنر,1001961,,کالای دیجیتال,موبایل,,گوشی Honor 600 Lite از برند آنر با حافظه داخلی 256 گیگابایت و رم 8 گیگابایت؛ مناسب ارتباط، استفاده روزمره و اجرای برنامه‌ها.,https://drive.google.com/file/d/19tVK0oTStuBWF2KGR_NVIWjYdDm55Qgo/view?usp=drivesdk,,,
Honor 600 Lite 256GB RAM 8GB سبز,آنر,1001962,,کالای دیجیتال,موبایل,,گوشی Honor 600 Lite از برند آنر با حافظه داخلی 256 گیگابایت و رم 8 گیگابایت؛ مناسب ارتباط، استفاده روزمره و اجرای برنامه‌ها.,https://drive.google.com/file/d/19tVK0oTStuBWF2KGR_NVIWjYdDm55Qgo/view?usp=drivesdk,,,
Honor 600 Lite 256GB RAM 8GB مشکی,آنر,1001960,,کالای دیجیتال,موبایل,,گوشی Honor 600 Lite از برند آنر با حافظه داخلی 256 گیگابایت و رم 8 گیگابایت؛ مناسب ارتباط، استفاده روزمره و اجرای برنامه‌ها.,https://drive.google.com/file/d/19tVK0oTStuBWF2KGR_NVIWjYdDm55Qgo/view?usp=drivesdk,,,
گوشی موبایل سامسونگ مدل Galaxy S25 Ultra دو سیم کارت ظرفیت 256 گیگابایت و رم 12 گیگابایت - پک ویتنام,سامسونگ,317918956001,,کالای دیجیتال,موبایل,,,,,,
گوشی موبایل سامسونگ مدل S24 FE دو سیم کارت ظرفیت 256 گیگابایت و رم 8 گیگابایت - ویتنام,سامسونگ,316736269001,,کالای دیجیتال,موبایل,,,,,,
گوشی موبایل سامسونگ مدل Galaxy A56 دو سیم کارت ظرفیت 256 گیگابایت و رم 8 گیگابایت - ویتنام,سامسونگ,318575915001,,کالای دیجیتال,موبایل,,,https://drive.google.com/file/d/1U-y_rQ4525MTGW0PqYmvtjT6x9t1eUbY/view?usp=drivesdk,,,
گوشی موبایل سامسونگ مدل Galaxy A36 دو سیم کارت ظرفیت 256 گیگابایت و رم 8 گیگابایت - ویتنام,سامسونگ,318577783001,,کالای دیجیتال,موبایل,,,https://drive.google.com/file/d/13mqb1_9cA9proSCH8ORjsUzXVhmruLox/view?usp=drivesdk,,,
گوشی موبایل سامسونگ مدل Galaxy A26 دو سیم کارت ظرفیت 256 گیگابایت و رم 8 گیگابایت - ویتنام,سامسونگ,319222844001,,کالای دیجیتال,موبایل,,,https://drive.google.com/file/d/1lIhDo1fIhuvcYEglBt8wSKuP6XdiqgSB/view?usp=drivesdk,,,
گوشی موبایل سامسونگ مدل Galaxy A16 4G دو سیم کارت ظرفیت 128 گیگابایت و رم 6 گیگابایت - ویتنام,سامسونگ,317464490001,,کالای دیجیتال,موبایل,,,https://drive.google.com/file/d/12m9wdL-manDDHbo1ja9qwTlayZLCWhxd/view?usp=drivesdk,,,
گوشی موبایل سامسونگ مدل Galaxy A06 دو سیم کارت ظرفیت 128 گیگابایت و رم 4 گیگابایت,سامسونگ,316552147001,,کالای دیجیتال,موبایل,,,,,,
گوشی موبایل شیائومی مدل Redmi 14C دو سیم کارت ظرفیت 256 گیگابایت و رم 8 گیگابایت,شیائومی,316708258001,,کالای دیجیتال,موبایل,,,,,,
گوشی موبایل شیائومی مدل Poco C75 دو سیم کارت ظرفیت 256 گیگابایت و رم 8 گیگابایت,شیائومی,317048429001,,کالای دیجیتال,موبایل,,,,,,
گوشی موبایل شیائومی مدل Redmi 13x دو سیم کارت ظرفیت 256 گیگابایت و رم 8 گیگابایت,شیائومی,319038990001,,کالای دیجیتال,موبایل,,,https://drive.google.com/file/d/1DS5-h02DRTkgG7beyt-lAQMoKOTrORf_/view?usp=drivesdk,,,
گوشی موبایل شیائومی مدل Redmi 13 دو سیم کارت ظرفیت 256 گیگابایت و رم 8 گیگابایت,شیائومی,315973020001,,کالای دیجیتال,موبایل,,,,,,
گوشی موبایل شیائومی مدل Redmi 14C دو سیم کارت ظرفیت 128 گیگابایت و رم 6 گیگابایت,شیائومی,317744017001,,کالای دیجیتال,موبایل,,,,,,
گوشی موبایل شیائومی مدل Poco C71 دو سیم کارت ظرفیت 128 گیگابایت و رم 4 گیگابایت,شیائومی,319347047001,,کالای دیجیتال,موبایل,,,https://drive.google.com/file/d/137kHjBwH4jWeSn-3Qnb-0ZI952lK2hWV/view?usp=drivesdk,,,
گوشی موبایل شیائومی مدل Redmi A5 دو سیم کارت ظرفیت 128 گیگابایت و رم 4 گیگابایت,شیائومی,319041413001,,کالای دیجیتال,موبایل,,,https://drive.google.com/file/d/1Vp4dg5vhUmKNw5rYRcbR5clRoIhrXFle/view?usp=drivesdk,,,
گوشی موبایل شیائومی مدل Redmi Note 14 Pro 4G دو سیم کارت ظرفیت 256 گیگابایت و رم 8 گیگابایت,شیائومی,317588414001,,کالای دیجیتال,موبایل,,,,,,
گوشی موبایل شیائومی مدل Redmi Note 14s دو سیم کارت ظرفیت 256 گیگابایت و رم 8 گیگابایت,شیائومی,319040705001,,کالای دیجیتال,موبایل,,,,,,
گوشی موبایل شیائومی مدل Redmi Note 14 4G دو سیم کارت ظرفیت 256 گیگابایت و رم 8 گیگابایت,شیائومی,317580036001,,کالای دیجیتال,موبایل,,,,,,
گوشی موبایل شیائومی مدل Poco C71 دو سیم کارت ظرفیت 64 گیگابایت و رم 3 گیگابایت مشکی,شیائومی,319357767001,,کالای دیجیتال,موبایل,,,https://drive.google.com/file/d/137kHjBwH4jWeSn-3Qnb-0ZI952lK2hWV/view?usp=drivesdk,,,
گوشی موبایل شیائومی مدل Poco C85 دو سیم کارت ظرفیت 256 گیگابایت و رم 8 گیگابایت مشکی,شیائومی,320433985001,,کالای دیجیتال,موبایل,,,https://drive.google.com/file/d/1mvkFM1TU-SjdxUNJwi4Hd0aoyRp3Eku_/view?usp=drivesdk,,,
گوشی موبایل شیائومی مدل Redmi 15 4G دو سیم کارت ظرفیت 256 گیگابایت و رم 8 گیگابایت مشکی,شیائومی,320607579001,,کالای دیجیتال,موبایل,,,,,,
گوشی موبایل شیائومی مدل Poco X7 Pro دو سیم کارت ظرفیت 512 گیگابایت و رم 12 گیگابایت - گلوبال مشکی,شیائومی,317986248001,,کالای دیجیتال,موبایل,,,,,,
گوشی موبایل سامسونگ مدل Galaxy A16 4G دو سیم کارت ظرفیت 128 گیگابایت و رم 4 گیگابایت - ویتنام مشکی,سامسونگ,317464125001,,کالای دیجیتال,موبایل,,,https://drive.google.com/file/d/12m9wdL-manDDHbo1ja9qwTlayZLCWhxd/view?usp=drivesdk,,,
گوشی موبایل سامسونگ مدل Galaxy A26 دو سیم کارت ظرفیت 128 گیگابایت و رم 6 گیگابایت - ویتنام مشکی,سامسونگ,319222839001,,کالای دیجیتال,موبایل,,,https://drive.google.com/file/d/1lIhDo1fIhuvcYEglBt8wSKuP6XdiqgSB/view?usp=drivesdk,,,
گوشی موبایل سامسونگ مدل Galaxy A17 دو سیم کارت ظرفیت 256 گیگابایت و رم 8 گیگابایت - ویتنام مشکی,سامسونگ,320490734001,,کالای دیجیتال,موبایل,,,https://drive.google.com/file/d/1KJG7UbsViRjI9VNNGhaESVM70iXZ15ld/view?usp=drivesdk,,,
گوشی موبایل سامسونگ مدل Galaxy A56 دو سیم کارت ظرفیت 128 گیگابایت و رم 8 گیگابایت - ویتنام مشکی,سامسونگ,318575939001,,کالای دیجیتال,موبایل,,,https://drive.google.com/file/d/1U-y_rQ4525MTGW0PqYmvtjT6x9t1eUbY/view?usp=drivesdk,,,
گوشی موبایل اپل مدل iPhone 17 CH دو سیم کارت ظرفیت 256 گیگابایت و رم 8 گیگابایت - نات اکتیو مشکی,اپل,320127115001,,کالای دیجیتال,موبایل,,,https://drive.google.com/file/d/1YXtmEd38Reey86_e1i0HLxQwAC6osSoU/view?usp=drivesdk,,,
لپ تاپ 15.6 اینچی لنوو مدل V15 G4 IRU-i5 13420H 8GB 512SSD TN مشکی,لنوو,316127101001,,کالای دیجیتال,لپ تاپ,,,,,,
لپ تاپ 15.6 اینچی ایسوس مدل Vivobook 15 F1504VA-NJ828-i3 1315U 12GB 512SSD - کاستوم شده سرمه ای,ایسوس,315128993001,,کالای دیجیتال,لپ تاپ,,,,,,
لپ تاپ 15.6 اینچی ایسوس مدل TUF Gaming A15 FA506NCG-HN191-R7 7445HS-16GB DDR5 5600MHz-512GB SSD-RTX3050 4GB-FHD 144Hz مشکی,ایسوس,321046350001,,کالای دیجیتال,لپ تاپ,,,,,,
لپ تاپ 16 اینچی ایسوس مدل خاکستری TUF Gaming F16 FX607VU-RL106-Core i7 13620H-16GB DDR5 4800MHz-512GB SSD-RTX4050 6GB-FHD 144Hz,ایسوس,321045650001,,کالای دیجیتال,لپ تاپ,,,,,,
لپ تاپ 16 اینچی ایسوس خاکستری مدل TUF Gaming F16 FX607VU-RL091-Core i7 13620H-16GB DDR5 4800MHz-1TB SSD-RTX4050 6GB-FHD 144Hz,ایسوس,321045603001,,کالای دیجیتال,لپ تاپ,,,,,,
لپ تاپ 16 اینچی ایسوس خاکستری مدل TUF Gaming F16 FX608JHR-RV007-Core i7 14650HX-32GB DDR5 5600MHz-1TB SSD-RTX5050 8GB-WUXGA 165Hz,ایسوس,321168685001,,کالای دیجیتال,لپ تاپ,,,,,,
گوشی موبایل سامسونگ مدل Galaxy A17 دو سیم کارت ظرفیت 128 گیگابایت و رم 4 گیگابایت - ویتنام,سامسونگ,320490694001,,کالای دیجیتال,موبایل,,,https://drive.google.com/file/d/1KJG7UbsViRjI9VNNGhaESVM70iXZ15ld/view?usp=drivesdk,,,
گوشی موبایل شیائومی مدل Redmi Note 14 5G دو سیم کارت ظرفیت 256 گیگابایت و 8 گیگابایت رم - پک چین,شیائومی,321408633001,,کالای دیجیتال,موبایل,,,,,,
گوشی موبایل شیائومی مدل Redmi 15C 4G دو سیم کارت ظرفیت 128 گیگابایت و رم 4 گیگابایت,شیائومی,320434083001,,کالای دیجیتال,موبایل,,,https://drive.google.com/file/d/1eAz-LIzide3E3thQBzOHsohZ9dyr43ij/view?usp=drivesdk,,,
گوشی موبایل سامسونگ مدل Galaxy S25 FE دو سیم کارت ظرفیت 256 گیگابایت و رم 8 گیگابایت - ویتنام,سامسونگ,320135132001,,کالای دیجیتال,موبایل,,,https://drive.google.com/file/d/118KcHD1WtzjW6wQqFE8QLvGc5dTu-Pxo/view?usp=drivesdk,,,
گوشی موبایل ریلمی مدل Note 50 دو سیم کارت ظرفیت 64 گیگابایت و رم 3 گیگابایت,ریلمی,315180004001,,کالای دیجیتال,موبایل,,,,,,
گوشی موبایل ریلمی مدل Note 60 دو سیم‌کارت ظرفیت 128 گیگابایت و رم 4 گیگابایت,ریلمی,319691374001,,کالای دیجیتال,موبایل,,,,,,
گوشی موبایل ریلمی مدل Note 50 دو سیم کارت ظرفیت 128 گیگابایت و رم 4 گیگابایت,ریلمی,314794189001,,کالای دیجیتال,موبایل,,,,,,
گوشی موبایل ریلمی مدل C75 دو سیم کارت ظرفیت 256 گیگابایت و رم 8 گیگابایت,ریلمی,318132558001,,کالای دیجیتال,موبایل,,,,,,
گوشی موبایل شیائومی مدل Redmi Note 15 Pro 4G دو سیم کارت ظرفیت 256 گیگابایت و رم 8 گیگابایت مشکی,شیائومی,321191058001,,کالای دیجیتال,موبایل,,,https://drive.google.com/file/d/1FlkhSVUk8WJh2_m0JANmGGGvqMF6OTRA/view?usp=drivesdk,,,
گوشی موبایل اپل مدل iPhone 17 CH دو سیم کارت ظرفیت 256 گیگابایت و رم 8 گیگابایت آبی - نات اکتیو,اپل,320127115004,,کالای دیجیتال,موبایل,,,https://drive.google.com/file/d/1YXtmEd38Reey86_e1i0HLxQwAC6osSoU/view?usp=drivesdk,,,
Samsung A07 128/4 سبز,سامسونگ,931603286,,کالای دیجیتال,موبایل,,,,,,
Samsung A07 64/4 سبز,سامسونگ,931603262,,کالای دیجیتال,موبایل,,,,,,
Samsung A17 128/4 مشکی,سامسونگ,931603283,,کالای دیجیتال,موبایل,,گوشی Galaxy A17 از برند سامسونگ با حافظه داخلی 128 گیگابایت و رم 4 گیگابایت؛ مناسب ارتباط، استفاده روزمره و اجرای برنامه‌ها.,https://drive.google.com/file/d/1KJG7UbsViRjI9VNNGhaESVM70iXZ15ld/view?usp=drivesdk,,,
Samsung A17 128/4 آبی,سامسونگ,931603302,,کالای دیجیتال,موبایل,,گوشی Galaxy A17 از برند سامسونگ با حافظه داخلی 128 گیگابایت و رم 4 گیگابایت؛ مناسب ارتباط، استفاده روزمره و اجرای برنامه‌ها.,https://drive.google.com/file/d/1KJG7UbsViRjI9VNNGhaESVM70iXZ15ld/view?usp=drivesdk,,,
Samsung A17 128/4 خاکستری,سامسونگ,931603281,,کالای دیجیتال,موبایل,,گوشی Galaxy A17 از برند سامسونگ با حافظه داخلی 128 گیگابایت و رم 4 گیگابایت؛ مناسب ارتباط، استفاده روزمره و اجرای برنامه‌ها.,https://drive.google.com/file/d/1KJG7UbsViRjI9VNNGhaESVM70iXZ15ld/view?usp=drivesdk,,,
Samsung A26 128/6 مشکی,سامسونگ,931603165,,کالای دیجیتال,موبایل,,,,,,
Samsung A56 5G 256/8 گرافیت,سامسونگ,931603126,,کالای دیجیتال,موبایل,,,,,,
Xiaomi A5 128/4 مشکی,شیائومی,931603181,,کالای دیجیتال,موبایل,,گوشی ساده شیائومی با کاربری آسان و طراحی جمع‌وجور؛ مناسب تماس، پیامک و استفاده روزمره.,https://drive.google.com/file/d/1Vp4dg5vhUmKNw5rYRcbR5clRoIhrXFle/view?usp=drivesdk,,,
Xiaomi C71 128/4 مشکی,شیائومی,931603198,,کالای دیجیتال,موبایل,,گوشی ساده شیائومی با کاربری آسان و طراحی جمع‌وجور؛ مناسب تماس، پیامک و استفاده روزمره.,https://drive.google.com/file/d/137kHjBwH4jWeSn-3Qnb-0ZI952lK2hWV/view?usp=drivesdk,,,
Xiaomi Redmi 15 256/8 مشکی,شیائومی,931603322,,کالای دیجیتال,موبایل,,,https://drive.google.com/file/d/1TZNM73LwVZSMnUYxVqnXTp70AqlPhtS8/view?usp=drivesdk,,,
"اجاق گاز رومیزی شیشه‌ای تایسز مدل HG-1901
 مشکی",تایسز,30400200000,,گجت خانگی,گجت خانگی,اجاق گاز,اجاق گاز رومیزی تایسز؛ انتخابی کاربردی برای پخت‌وپز روزانه و چیدمان مدرن آشپزخانه.,https://drive.google.com/file/d/1BIRaSQ-QpfG6jKQyTqufMzUMfBvuyEyy/view?usp=drivesdk,,,
اجاق گاز مبله تایسز مدل CG-5414 مشکی,تایسز,30300300000,,گجت خانگی,گجت خانگی,اجاق گاز,اجاق گاز مبله تایسز؛ مناسب پخت‌وپز روزانه با طراحی کاربردی برای آشپزخانه.,https://drive.google.com/file/d/1VxkcHyoltCuilFl8pOcBJ_Qr1Azenl5x/view?usp=drivesdk,,,
اجاق گاز مبله تایسز مدل CL-5511 استیل,تایسز,30301100000,,گجت خانگی,گجت خانگی,اجاق گاز,اجاق گاز مبله تایسز؛ مناسب پخت‌وپز روزانه با طراحی کاربردی برای آشپزخانه.,https://drive.google.com/file/d/16hf3OoBN1J95WNnPFxqI5uJb1QRQKAmK/view?usp=drivesdk,,,
اجاق گاز مبله تایسز مدل CE-5211 استیل,تایسز,30306300000,,گجت خانگی,گجت خانگی,اجاق گاز,اجاق گاز مبله تایسز؛ مناسب پخت‌وپز روزانه با طراحی کاربردی برای آشپزخانه.,https://drive.google.com/file/d/1yMrzxPbX6R49CH2i5d8U9oiT-3TAOoBk/view?usp=drivesdk,,,
اجاق گاز مبله تایسز مدل CZ-5621 استیل,تایسز,30310700000,,گجت خانگی,گجت خانگی,اجاق گاز,اجاق گاز مبله تایسز؛ مناسب پخت‌وپز روزانه با طراحی کاربردی برای آشپزخانه.,https://drive.google.com/file/d/1VVEAw8aFbpebj22FVTdgJOvf-bAJRwQ0/view?usp=drivesdk,,,
اجاق گاز مبله تایسز مدل CZ-5622 سفید,تایسز,30310800000,,گجت خانگی,گجت خانگی,اجاق گاز,اجاق گاز مبله تایسز؛ مناسب پخت‌وپز روزانه با طراحی کاربردی برای آشپزخانه.,https://drive.google.com/file/d/1T5suUhlEZowGieiUFIB2qEmAlmA0AggD/view?usp=drivesdk,,,
فر توکار برقی تایسز مدل TO-3544 مشکی,تایسز,30601900000,,گجت خانگی,گجت خانگی,فر توکار,فر توکار برقی تایسز؛ مناسب پخت، گریل و آماده‌سازی انواع غذا در آشپزخانه.,https://drive.google.com/file/d/1z7GKI095dl95g-hkRitI-gJK6WHrjOIO/view?usp=drivesdk,,,
فر توکار برقی تایسز مدل TO-3564 مشکی,تایسز,30602400000,,گجت خانگی,گجت خانگی,فر توکار,فر توکار برقی تایسز؛ مناسب پخت، گریل و آماده‌سازی انواع غذا در آشپزخانه.,https://drive.google.com/file/d/1REZBJakBNh4wUvbiebv19aZjv3ri2_Y0/view?usp=drivesdk,,,
اجاق گاز رومیزی شیشه‌ای تایسز TG-1303 مشکی,تایسز,30406100000,,گجت خانگی,گجت خانگی,اجاق گاز,اجاق گاز رومیزی تایسز؛ انتخابی کاربردی برای پخت‌وپز روزانه و چیدمان مدرن آشپزخانه.,https://drive.google.com/file/d/1x38Xi990EVwNd8Io3im9E8AInNkQCEVy/view?usp=drivesdk,,,
هود روکار تایسز مدل TH-2403 مشکی,تایسز,30500200000,,گجت خانگی,گجت خانگی,هود,هود آشپزخانه تایسز؛ مناسب تهویه دود، بخار و بوی پخت‌وپز.,https://drive.google.com/file/d/1koIh5Amvi8kSHg7IcNpTWHu78G6BrqyD/view?usp=drivesdk,,,
هود توکار تایسز مدل TH-2106 مشکی,تایسز,30501400000,,گجت خانگی,گجت خانگی,هود,هود آشپزخانه تایسز؛ مناسب تهویه دود، بخار و بوی پخت‌وپز.,https://drive.google.com/file/d/16MC4FRVJHDPnUC5R6QPn585xvAnyB1IL/view?usp=drivesdk,,,
هود توکار تایسز مدل TH-2107 مکشی,تایسز,30501600000,,گجت خانگی,گجت خانگی,هود,هود آشپزخانه تایسز؛ مناسب تهویه دود، بخار و بوی پخت‌وپز.,https://drive.google.com/file/d/1lIjYAumwBQDOR2h91gc9jJf4rWjqMplh/view?usp=drivesdk,,,
هود توکار تایسز مدل TH-2108 استیل,تایسز,30501900000,,گجت خانگی,گجت خانگی,هود,هود آشپزخانه تایسز؛ مناسب تهویه دود، بخار و بوی پخت‌وپز.,https://drive.google.com/file/d/1cuxGa6xxAM1z1zIxiuRg3PChEnGaLLfn/view?usp=drivesdk,,,
ماشین ظرفشویی 14 نفره ال جی مدل LG DFC435FP دارای 3 کشو و درب بازکن خودکار نقره ای,ال جی,1109996356,,لوازم خانگی,ظرفشویی,,ماشین ظرفشویی ال جی با ظرفیت 14 نفره؛ مناسب شست‌وشوی منظم ظروف در آشپزخانه.,https://drive.google.com/file/d/1JrGORLpVyRqK3p_4V6axY6zNhLl7s9ws/view?usp=drivesdk,,,
یخچال سایدبای‌ساید 889 لیتر ال‌جی مدل LG GC-X348CQFS سفید,ال جی,1101640902,,لوازم خانگی,یخچال,ساید‌بای‌ساید,یخچال سایدبای‌ساید ال جی با گنجایش 889 لیتر؛ مناسب نگهداری منظم مواد غذایی خانواده.,https://drive.google.com/file/d/1QeFyKPIXNc6k83v9ZjjqoBgQxe6gv0Iy/view?usp=drivesdk,,,
ماشین ظرفشویی 14 نفره ال جی مدل LG DFB325HM دارای 3 کشو و درب بازکن خودکار مشکی مات,ال جی,1101819678,,لوازم خانگی,ظرفشویی,,ماشین ظرفشویی ال جی با ظرفیت 14 نفره؛ مناسب شست‌وشوی منظم ظروف در آشپزخانه.,https://drive.google.com/file/d/14hHf-wsvUgM5D1BaBUiysEWE-Jy892Fq/view?usp=drivesdk,,,
یخچال سایدبای‌ساید 635 لیتر ال‌جی مدل LG GC-X267CQHW سفید,ال جی,1102837029,,لوازم خانگی,یخچال,ساید‌بای‌ساید,یخچال سایدبای‌ساید ال جی با گنجایش 635 لیتر؛ مناسب نگهداری منظم مواد غذایی خانواده.,https://drive.google.com/file/d/1GRgl3-Z1lVGIR4fzeg5lWknFy38LE1Ng/view?usp=drivesdk,,,
ماشین ظرفشویی 14 نفره ال جی مدل LG DFC435FW دارای 3 کشو و درب بازکن خودکار سفید,ال جی,1103693849,,لوازم خانگی,ظرفشویی,,ماشین ظرفشویی ال جی با ظرفیت 14 نفره؛ مناسب شست‌وشوی منظم ظروف در آشپزخانه.,https://drive.google.com/file/d/1yKO1IhEjVgyOpS1Wo1ZrsCtpCMj0cvwh/view?usp=drivesdk,,,
ماشین ظرفشویی 14 نفره ال جی مدل LG DFC513FW دارای 3 کشو سفید,ال جی,1103854321,,لوازم خانگی,ظرفشویی,,ماشین ظرفشویی ال جی با ظرفیت 14 نفره؛ مناسب شست‌وشوی منظم ظروف در آشپزخانه.,https://drive.google.com/file/d/1Poyrau8bfh7LjfSfDQqypfcSH12BFExC/view?usp=drivesdk,,,
ماشین لباسشویی 7 کیلو ال جی مدل LG F2Y1QYP65 سفید,ال جی,1104033685,,لوازم خانگی,لباسشویی,,ماشین لباسشویی ال جی با ظرفیت 7 کیلوگرم؛ مناسب شست‌وشوی روزمره لباس‌های خانواده.,https://drive.google.com/file/d/1sjZTOrmQNXNtavejbRfAxb-b8X7R4UXv/view?usp=drivesdk,,,
ماشین لباسشویی 10 کیلو ال جی مدل LG F4Y3RYGYWV سفید,ال جی,1104643170,,لوازم خانگی,لباسشویی,,ماشین لباسشویی ال جی با ظرفیت 10 کیلوگرم؛ مناسب شست‌وشوی روزمره لباس‌های خانواده.,https://drive.google.com/file/d/1bPViq9INmONBm5FnaEbSepVIo4XkQHfl/view?usp=drivesdk,,,
یخچال سایدبای‌ساید 635 لیتر ال‌جی مدل LG GC-X267CSHW نقره ای,ال جی,1104647613,,لوازم خانگی,یخچال,ساید‌بای‌ساید,,https://drive.google.com/file/d/1gXQXvENfz1Q1kbel3PCB9wDscrqG-Bgz/view?usp=drivesdk,,,
یخچال سایدبای‌ساید 889 لیتر ال‌جی مدل LG GC-X348CSFS نقره ای,ال جی,1105150079,,لوازم خانگی,یخچال,ساید‌بای‌ساید,یخچال سایدبای‌ساید ال جی با گنجایش 889 لیتر؛ مناسب نگهداری منظم مواد غذایی خانواده.,https://drive.google.com/file/d/1sOiA1UDTB_F7kGPLTXd6U5OE5TWdufhF/view?usp=drivesdk,,,
ماشین لباسشویی 8 کیلو ال جی مدل LG F4J3TYG6J مشکی,ال جی,1105928955,,لوازم خانگی,لباسشویی,,ماشین لباسشویی ال جی با ظرفیت 8 کیلوگرم؛ مناسب شست‌وشوی روزمره لباس‌های خانواده.,https://drive.google.com/file/d/1mxn4qLwMVegWHXUC6qT3OU74EyCLfvuH/view?usp=drivesdk,,,
ماشین لباسشویی 11 کیلو ال جی مدل LG F4Y5EYGYWV سفید,ال جی,1107969437,,لوازم خانگی,لباسشویی,,ماشین لباسشویی ال جی با ظرفیت 11 کیلوگرم؛ مناسب شست‌وشوی روزمره لباس‌های خانواده.,https://drive.google.com/file/d/1YAM0Wiy0MJ5pLvjo_WukmiN_-8lkJJa3/view?usp=drivesdk,,,
یخچال سایدبای‌ساید 638 لیتر ال‌جی مدل LG GM-X945NS9F نقره ای,ال جی,1108040902,,لوازم خانگی,یخچال,ساید‌بای‌ساید,یخچال سایدبای‌ساید ال جی با گنجایش 638 لیتر؛ مناسب نگهداری منظم مواد غذایی خانواده.,https://drive.google.com/file/d/1aMUkNp3mU88ykar4p6K4qlIg0ZBadL8M/view?usp=drivesdk,,,
ماشین ظرفشویی 14 نفره ال جی مدل LG DFC237HMS دارای 3 کشو مشکی مات,ال جی,1108735205,,لوازم خانگی,ظرفشویی,,ماشین ظرفشویی ال جی با ظرفیت 14 نفره؛ مناسب شست‌وشوی منظم ظروف در آشپزخانه.,https://drive.google.com/file/d/1fxCMNzQZgcuqOhO2q9ja0zailgU3J14e/view?usp=drivesdk,,,
یخچال سایدبای‌ساید 705 لیتر ال‌جی مدل LG GR-X24FMKBL استیل مشکی,ال جی,1109226956,,لوازم خانگی,یخچال,ساید‌بای‌ساید,یخچال سایدبای‌ساید ال جی با گنجایش 705 لیتر؛ مناسب نگهداری منظم مواد غذایی خانواده.,https://drive.google.com/file/d/1Ih-iWqj0gfTfshdQBIeW7jxux2lNlQNY/view?usp=drivesdk,,,
ماشین لباسشویی 10.5 کیلو ال جی مدل LG F4V5RGP0W سفید,ال جی,1109678040,,لوازم خانگی,لباسشویی,,ماشین لباسشویی ال جی با ظرفیت 10.5 کیلوگرم؛ مناسب شست‌وشوی روزمره لباس‌های خانواده.,https://drive.google.com/file/d/14vYGiZOc9ZYDDeRvJCE3SCE0Cny6uMSY/view?usp=drivesdk,,,
shaker gnjumtpr20 bk مشکی,گرین لاین,‎931701950,,گجت خانگی,گجت خانگی,شیکر,شیکر برقی گرین لاین؛ مناسب ترکیب نوشیدنی‌ها و مکمل‌ها در استفاده روزمره.,https://drive.google.com/file/d/1hiDDLGwj92FZk7-_DxIylX4fPBMmyECS/view?usp=drivesdk,,,
طوسی ماساژور پشتی و کمری گرین لاین مدل Green Lion Massage Cushion with Heating Function and Lumbar Support,گرین لاین,‎931701951,,گجت خانگی,گجت خانگی,ماساژور,ماساژور گرین لاین؛ مناسب کاهش خستگی و استفاده روزمره در خانه یا محل کار.,https://drive.google.com/file/d/1txmqkjoSZGwQ9xtDbuSTOJ-NCP17KyqG/view?usp=drivesdk,,,
سفید ویدئو پروژکتور گرین لاین مدل NOVA کیفیت تصویر Full HD,گرین لاین,‎931701952,,گجت خانگی,گجت خانگی,پروژکتور,,,,,
HONOR EARBUDS X3 LITE سفيد,آنر,‎931701953,,کالای دیجیتال,اکسسوری,هدفون و هندزفری,هندزفری بلوتوثی آنر؛ مناسب مکالمه و پخش موسیقی با اتصال بی‌سیم.,https://drive.google.com/file/d/1sYqF3ROI2aLGsQUkKqk3Yh-PNcOQ07nx/view?usp=drivesdk,,,
ساعت هوشمند هوآوی سفید مدل Watch FIT3 SLO-B09,هوآوی,931602132,,کالای دیجیتال,اکسسوری,ساعت و مچ‌بند هوشمند,,,,,
ساعت هوشمند شیائومی مشکی مدل MI Band 9 Pro,شیائومی,931602403,,کالای دیجیتال,اکسسوری,ساعت و مچ‌بند هوشمند,ساعت هوشمند شیائومی؛ مناسب پایش فعالیت‌های روزانه، مشاهده اعلان‌ها و استفاده ورزشی.,https://drive.google.com/file/d/1BFj_I5eYICJ5_n7wsuzO1LkBQtQOeIMa/view?usp=drivesdk,,,
ویدیو پروژکتور قابل حمل طلایی Green Lion مدل PRISMA 4K,گرین لاین,931602580,,گجت خانگی,گجت خانگی,پروژکتور,ویدئو پروژکتور قابل‌حمل گرین لاین؛ مناسب تماشای فیلم، ارائه و سرگرمی در فضاهای مختلف.,https://drive.google.com/file/d/1v0J2x1SoZeeRyslWRJdrwY45YvNY9DrM/view?usp=drivesdk,,,
دستگاه پاپ کورن ساز 270 میلی لیتری مشکی Green Lion,گرین لاین,931602576,,گجت خانگی,گجت خانگی,پاپ‌کورن‌ساز,دستگاه پاپ‌کورن‌ساز گرین لاین؛ مناسب آماده‌سازی سریع میان‌وعده در خانه.,https://drive.google.com/file/d/1PewJ6VdEFngHmFZHNATvgbOUTRUTVi0a/view?usp=drivesdk,,,
آبمیوه گیر مخلوط کن شارژی قابل حمل 470 میلی لیتری مشکی Green Lion,گرین لاین,931602579,,گجت خانگی,گجت خانگی,آبمیوه‌گیر,,,,,
ماشین اصلاح بدن Green Lion طوسی مدل FLEXGROOM 2in1,گرین لاین,931602583,,کالای دیجیتال,اکسسوری,آرایشی و بهداشتی,ماشین اصلاح بدن گرین لاین؛ مناسب اصلاح و مرتب‌سازی روزمره با طراحی کاربردی.,https://drive.google.com/file/d/1h63OfzG-cXzG8jJzV9hl_TG_czYq46eD/view?usp=drivesdk,,,
ماساژور مینی تفنگی 6 سرعته مشکی Green Lion,گرین لاین,931602587,,گجت خانگی,گجت خانگی,ماساژور,ماساژور گرین لاین؛ مناسب کاهش خستگی و استفاده روزمره در خانه یا محل کار.,https://drive.google.com/file/d/1g6gg5LPfkx9KlwnZvm_55KXEtUOfEKgy/view?usp=drivesdk,,,
Samsung A07 128/6 BIG BOX سبز,سامسونگ,931603379,,کالای دیجیتال,موبایل,,,,,,
Xiaomi A5 128/4 سبز,شیائومی,931603183,,کالای دیجیتال,موبایل,,,https://drive.google.com/file/d/1Vp4dg5vhUmKNw5rYRcbR5clRoIhrXFle/view?usp=drive_link,,,
Xiaomi C71 64/3 آبی,شیائومی,931603211,,کالای دیجیتال,موبایل,,,https://drive.google.com/file/d/137kHjBwH4jWeSn-3Qnb-0ZI952lK2hWV/view?usp=drivesdk,,,
Xiaomi C85 256/8 بنفش,شیائومی,931603298,,کالای دیجیتال,موبایل,,,https://drive.google.com/file/d/1mvkFM1TU-SjdxUNJwi4Hd0aoyRp3Eku_/view?usp=drivesdk,,,
یخچال فریزر کمبی اتوماتیک سفید دیپوینت مدل Boss Pro-W,دیپوینت,500213010,,لوازم خانگی,یخچال,سایر مدل‌ها,ارتفاع 190، پهنای 86 و عمق 77 سانتی متر، میزان مصرف انرژی +A، دارای 3 طبقه در یخچال و 3 کشو در فریزر، دارای سیستم نوفراست، ۴۲۷ لیتر، سفید / نقره ای,https://drive.google.com/file/d/13ZvyRHCwsUzuQSj36KERxAe9m7GLSQym/view?usp=drive_link,,,
یخچال فریزر کمبی اتوماتیک نقره ای دیپوینت مدل Boss Pro-S,دیپوینت,500213020,,لوازم خانگی,یخچال,سایر مدل‌ها,ارتفاع 190، پهنای 86 و عمق 77 سانتی متر، میزان مصرف انرژی +A، دارای 3 طبقه در یخچال و 3 کشو در فریزر، دارای سیستم نوفراست، ۴۲۷ لیتر، سفید / نقره ای,https://drive.google.com/file/d/1LXwa1wzAJ3U7DJg0YT0hBv6nU644ACS3/view?usp=drive_link,,,
یخچال فریزر ساید بای ساید اتوماتیک سفید دیپوینت مدل INSIDER-W,دیپوینت,500213030,,لوازم خانگی,یخچال,ساید‌بای‌ساید,ارتفاع 180، پهنای 92 و عمق 74 سانتی متر، میزان مصرف انرژی B، دارای 4 طبقه و 2 کشو در یخچال، ۳۹۳ لیتر، سفید / نقره ای,https://drive.google.com/file/d/1lmYyEhpoSsJhEHD7AcBBGC8smFkFYgTd/view?usp=drive_link,,,
یخچال فریزر ساید بای ساید اتوماتیک نقره ای دیپوینت مدل INSIDER-S,دیپوینت,500213040,,لوازم خانگی,یخچال,ساید‌بای‌ساید,ارتفاع 180، پهنای 92 و عمق 74 سانتی متر، میزان مصرف انرژی B، دارای 4 طبقه و 2 کشو در فریزر، ۳۹۳ لیتر، سفید / نقره ای,https://drive.google.com/file/d/1Yb3C7oCWmdXx-SWHh_QB8793RtlM3TOx/view?usp=drive_link,,,
یخچال سفید دیپوینت دوقلو مدل D5i-W,دیپوینت,500213050,,لوازم خانگی,یخچال,دوقلو,میزان مصرف انرژی +A، دارای 5 طبقه و 3 کشو در یخچال، 330 لیتر، سفید / نقره ای,https://drive.google.com/file/d/1_iN_IpNyK_VyoVMI-_Bbw8iZPOTBNKtV/view?usp=drive_link,,,
فریزر سفید دیپوینت دوقلو مدل D5i-W,دیپوینت,500213060,,لوازم خانگی,یخچال,دوقلو,میزان مصرف انرژی +A، دارای 1 طبقه و 7 کشو در یخچال، 277 لیتر، سفید / نقره ای,https://drive.google.com/file/d/1_iN_IpNyK_VyoVMI-_Bbw8iZPOTBNKtV/view?usp=drive_link,,,
یخچال نقره ای دیپوینت دوقلو مدل D5i-S,دیپوینت,500213070,,لوازم خانگی,یخچال,دوقلو,میزان مصرف انرژی +A، دارای 5 طبقه و 3 کشو در یخچال، 330 لیتر، سفید / نقره ای,https://drive.google.com/file/d/1_iN_IpNyK_VyoVMI-_Bbw8iZPOTBNKtV/view?usp=drive_link,,,
فریزر نقره ای دیپوینت دوقلو مدل D5i-S,دیپوینت,500213080,,لوازم خانگی,یخچال,دوقلو,میزان مصرف انرژی +A، دارای 1 طبقه و 7 کشو در یخچال، 277 لیتر، سفید / نقره ای,https://drive.google.com/file/d/1_iN_IpNyK_VyoVMI-_Bbw8iZPOTBNKtV/view?usp=drive_link,,,
یخچال سفید دیپوینت دوقلو مدل EXPLORE-W,دیپوینت,500213090,,لوازم خانگی,یخچال,دوقلو,میزان مصرف انرژی A، دارای 4 طبقه و 2 کشو در یخچال، 454 لیتر، سفید / نقره ای,https://drive.google.com/file/d/154wtCv1FSUOftD13qKG51eWvR8wGRqxG/view?usp=drive_link,,,
فریزر سفید دیپوینت دوقلو مدل EXPLORE-W,دیپوینت,500214020,,لوازم خانگی,یخچال,دوقلو,میزان مصرف انرژی A، دارای 2 طبقه و 5 کشو در یخچال، 301 لیتر، سفید / نقره ای,https://drive.google.com/file/d/154wtCv1FSUOftD13qKG51eWvR8wGRqxG/view?usp=drive_link,,,
یخچال نقره ای دیپوینت دوقلو مدل EXPLORE-S,دیپوینت,500214030,,لوازم خانگی,یخچال,دوقلو,میزان مصرف انرژی A، دارای 4 طبقه و 2 کشو در یخچال، 454 لیتر، سفید / نقره ای,https://drive.google.com/file/d/154wtCv1FSUOftD13qKG51eWvR8wGRqxG/view?usp=drive_link,,,
فریزر نقره ای دیپوینت دوقلو مدل EXPLORE-S,دیپوینت,500214040,,لوازم خانگی,یخچال,دوقلو,میزان مصرف انرژی A، دارای 2 طبقه و 5 کشو در یخچال، 301 لیتر، سفید / نقره ای,https://drive.google.com/file/d/154wtCv1FSUOftD13qKG51eWvR8wGRqxG/view?usp=drive_link,,,
یخچال سفید دیپوینت دوقلو مدل MAX-W,دیپوینت,500214050,,لوازم خانگی,یخچال,دوقلو,میزان مصرف انرژی +A، دارای 3 طبقه و 2 کشو در یخچال، 350 لیتر، سفید / نقره ای,https://drive.google.com/file/d/1bXWG6Vxm_lAVSdr6HfVuYPhFnmvZv-Qo/view?usp=drive_link,,,
فریزر سفید دیپوینت دوقلو مدل MAX-W,دیپوینت,500214060,,لوازم خانگی,یخچال,دوقلو,میزان مصرف انرژی +A، دارای 2 طبقه و 7 کشو در یخچال، 325 لیتر، سفید / نقره ای,https://drive.google.com/file/d/1bXWG6Vxm_lAVSdr6HfVuYPhFnmvZv-Qo/view?usp=drive_link,,,
یخچال نقره ای دیپوینت دوقلو مدل MAX-S,دیپوینت,500214070,,لوازم خانگی,یخچال,دوقلو,میزان مصرف انرژی +A، دارای 3 طبقه و 2 کشو در یخچال، 350 لیتر، سفید / نقره ای,https://drive.google.com/file/d/1bXWG6Vxm_lAVSdr6HfVuYPhFnmvZv-Qo/view?usp=drive_link,,,
فریزر نقره ای دیپوینت دوقلو مدل MAX-S,دیپوینت,500214080,,لوازم خانگی,یخچال,دوقلو,میزان مصرف انرژی +A، دارای 2 طبقه و 7 کشو در یخچال، 325 لیتر، سفید / نقره ای,https://drive.google.com/file/d/1bXWG6Vxm_lAVSdr6HfVuYPhFnmvZv-Qo/view?usp=drive_link,,,
ماشین لباسشویی 9Kg نقره ای دیپوینت مدل WMFW0901-S Wonder,دیپوینت,500215010,,لوازم خانگی,لباسشویی,,"نوع مدل:درب از جلو 
حداکثر ظرفیت شست و شو 9 کیلوگرم
گزینه های سرعت چرخش:1400-1000-800-400-بدون چرخش
تنظیمات دما:سرد-20 درجه-40 درجه-60 درجه-90 درجه سانتی گراد
نوع قفل درب:خودکار
صفحه نمایش:صفحه نمایش لمسی LED بزرگ
نوع موتور:موتور بدون تسمه(DIRECT DRIVE)
گزینه های اضافه:
پیش شستشو-شستشو شبانه-تاخیر در شستشو-ماساژ لباس فوق العاده(super spa)-سطح آلودگی-برنامه شخصی من(my cycle)-قفل کودک-تنظیم دما-آبکشی بیشتر-سرعت",https://drive.google.com/file/d/1FfpCn4xUJxq_79clSrLg9CYNnc8PcCSX/view?usp=drive_link,,,
ماشین لباسشویی 9Kg سفید دیپوینت مدل WMFW0901-W Wonder,دیپوینت,500215020,,لوازم خانگی,لباسشویی,,"نوع مدل:درب از جلو 
حداکثر ظرفیت شست و شو 9 کیلوگرم
گزینه های سرعت چرخش:1400-1000-800-400-بدون چرخش
تنظیمات دما:سرد-20 درجه-40 درجه-60 درجه-90 درجه سانتی گراد
نوع قفل درب:خودکار
صفحه نمایش:صفحه نمایش لمسی LED بزرگ
نوع موتور:موتور بدون تسمه(DIRECT DRIVE)
گزینه های اضافه:
پیش شستشو-شستشو شبانه-تاخیر در شستشو-ماساژ لباس فوق العاده(super spa)-سطح آلودگی-برنامه شخصی من(my cycle)-قفل کودک-تنظیم دما-آبکشی بیشتر-سرعت",https://drive.google.com/file/d/1FfpCn4xUJxq_79clSrLg9CYNnc8PcCSX/view?usp=drive_link,,,